Source,Target
ajmescwel,ericschiffer
muvipsycanalyst,tinathefinn
kj_blackburn_o,realdonaldtrump
kj_blackburn_o,varneyco
anthonymo1990,politics_gov
acldbutter,waynedupreeshow
elyssak,elyssak
sr78,hillaryforoh
jrocks2002,0hour1__
staceymalaine,0hour1__
sp3mann,waynedupreeshow
0cyphr,cnn
0cyphr,billclinton
0cyphr,hillaryclinton
0cyphr,wesearchr
richardlsu,nubianawakening
tony_armani,waynedupreeshow
caramelpisces37,waynedupreeshow
rwtrollpatrol,rockthevote
juliagouliah,0hour1__
003a04f8c2054b7,waynedupreeshow
kgsuns,0hour1__
larrymcelhiney,waynedupreeshow
ellewild_writer,i_am_scifi
michaelgrantbks,maramcewin
quallfied_cutie,waynedupreeshow
jestscy11,slimwiggy
mlinco,hillaryforoh
boleygo,janetjackson
boleygo,hillaryclinton
boleygo,wisewmn4clinton
aprn1119,keithboykin
stillonline,dailycaller
gigiusa1,politics_gov
momsue2929,dailycaller
pnjaban,reince
lukanyo_,0hour1__
dinosaurgasleak,hillaryclinton
dinosaurgasleak,realdonaldtrump
dinosaurgasleak,clintonkaine_
caingillespie,0hour1__
gregscheinert,libertynews1776
jaimeolivarez23,aegallagher
deplorablemtelk,realdonaldtrump
deplorablemtelk,0hour1__
katewolmnha,ericschiffer
glendamadden,janetjackson
glendamadden,hillaryclinton
glendamadden,wisewmn4clinton
habz984,waynedupreeshow
tee_quake,0hour1__
routeofthesun,cd5762
routeofthesun,cd5762
cunninghammeli1,0hour1__
tammycv,stevethomma
bppope,hillaryclinton
bppope,realdonaldtrump
bppope,clintonkaine_
_trumpette,hillaryclinton
_trumpette,realdonaldtrump
_trumpette,clintonkaine_
shirtlandia,shirtlandia
dmillsavrt,teamtrump
deanaluvs,waynedupreeshow
letgomyeggo32,candiip92
saraeleta,saraeleta
stupidcompanies,realdonaldtrump
stupidcompanies,0hour1__
trump_first,nubianawakening
dianestep22,libertynews1776
jpyoung27,0hour1__
gropedbyhillary,hillaryclinton
gropedbyhillary,realdonaldtrump
gropedbyhillary,clintonkaine_
asa789,libertynews1776
asa789,0hour1__
larsfermi,cnnwriter69
queenosarcasm,marcomateoochoa
queenosarcasm,realdonaldtrump
patrici92998370,hillaryforoh
chlcago_rixton,waynedupreeshow
i_mokoli,dailypollske
ambientxeyewall,0hour1__
bolfase1,hillaryclinton
bolfase1,realdonaldtrump
bolfase1,clintonkaine_
slimshavings,0hour1__
ginomandoloni,emilyslist
ginomandoloni,graphicop
ginomandoloni,hillaryclinton
gdestefano95,0hour1__
natigravity_ncy,ericschiffer
ewcdoubled,purplemeatballs
cyvault,0hour1__
sbsweethe4rts,waynedupreeshow
sheripi1,hillaryclinton
sheripi1,reince
xelerated2,la_localseo
janey8228,waynedupreeshow
jamierjn,waynedupreeshow
hilliary_lies,hillaryclinton
hilliary_lies,realdonaldtrump
hilliary_lies,clintonkaine_
iamseerious,libertynews1776
russgladd,russgladd
sophialeo,hillaryclinton
sophialeo,realdonaldtrump
sophialeo,clintonkaine_
pi20xy,0hour1__
programmerguy,0hour1__
lovelymissaubry,0hour1__
dalseyd,janetjackson
dalseyd,hillaryclinton
dalseyd,wisewmn4clinton
martincv24,dchomos
trishwakeford,0hour1__
mollyday15,0hour1__
robwoodyard1,robwoodyard1
rillytallcans,cnnwriter69
deatheragejune,waynedupreeshow
buddyball6969,realdonaldtrump
buddyball6969,hillaryclinton
buddyball6969,vote
ssmfarley777,realdonaldtrump
ssmfarley777,hillaryclinton
ssmfarley777,vote
biddergalore,realpresdonald
johnbiehler,marksgonepublic
vivaagnessa,wesseid
timsfloors66,libertynews1776
brandenbee,waynedupreeshow
newsytweeter4u,0hour1__
lichencraig,teamtrump
____imjustrae__,ejlandwehr
pattiberry31666,mrcatstubble
archiebunker19,politics_gov
fedorapayan,dailycaller
glassarrows_,keithboykin
osifervic,waynedupreeshow
keithjarvisgolf,realdonaldtrump
keithjarvisgolf,reince
vetpatriot70,0hour1__
sparkymark5114,teamt
sparkymark5114,hillaryclinton
sparkymark5114,realdonaldtrump
sparkymark5114,joshgremillion
aepanico,janetjackson
aepanico,hillaryclinton
aepanico,wisewmn4clinton
gingerlwills,realpresdonald
kimmoor20918476,dailypollske
logan21thompson,0hour1__
misiaczeekk,stevethomma
kdhcharley,marypagekeller
benitah_summers,waynedupreeshow
wdterror145,hillaryclinton
wdterror145,reince
dai8notyakura,bpolitics
dai8notyakura,twitterfornews
chili2534,alecbaldwin
chili2534,objkshn
xingonxpower,theirc
mzboo61,0hour1__
icufromhere,hillaryclinton
icufromhere,realdonaldtrump
icufromhere,clintonkaine_
just__vito,radziwilllee
pundit_2016,nubianawakening
loves_dandelion,objkshn
loves_dandelion,alecbaldwin
zimmermibig,zimmermibig
eclawson,eclawson
omarjemo,0hour1__
briannatelrue,ericschiffer
cristhianrod,_daisyridley_
cherokejac,waynedupreeshow
cherokejac,hillaryclinton
cherokejac,itgalnwn
cherokejac,basedmattforney
cherokejac,gop
brockcrouch1,dailypollske
kaneypis,waynedupreeshow
yokelii,realdonaldtrump
yokelii,gop
kentitus77,realdonaldtrump
kentitus77,teamtrump
joysears9,0hour1__
420conservative,0hour1__
northwe12646207,hillaryclinton
northwe12646207,gop
tonyk2169,realdonaldtrump
tonyk2169,humans_vs_trump
socwfeminist,hillaryclinton
socwfeminist,realdonaldtrump
socwfeminist,clintonkaine_
dfc576,politics_gov
hardcopy_imdb,hardcopy_imdb
11egyy22,0hour1__
ebonybeauty12,llcoolj
ebonybeauty12,mcbrainpower
ebonybeauty12,hillaryclinton
ebonybeauty12,realdonaldtrump
ebonybeauty12,vanjones68
timgoodwin17,0hour1__
sgym11111greene,gop
sgym11111greene,trumpd2016
srauer20,janetjackson
srauer20,hillaryclinton
srauer20,wisewmn4clinton
chgo2ps1,i_am_thechange
chgo2ps1,berniesanders
chgo2ps1,chernie
g_augello4,christadubill
toni_tullos,toni_tullos
dangerkidrisk,realdonaldtrump
dangerkidrisk,teamtrump
dangerkidrisk,realdonaldtrump
dangerkidrisk,teamtrump
pattyfrye12,realjmannarino
bronzeageperv,hillaryclinton
bronzeageperv,realdonaldtrump
bronzeageperv,clintonkaine_
lunkermackjoe,realdonaldtrump
lunkermackjoe,hillaryclinton
lunkermackjoe,vote
pmakrillos,waynedupreeshow
deberaasfaiken,hillaryclinton
deberaasfaiken,realdonaldtrump
deberaasfaiken,clintonkaine_
deberaasfaiken,realdonaldtrump
deberaasfaiken,hillaryclinton
deberaasfaiken,vote
kenikewahine78,stevethomma
venfarns,politics_gov
neverclinton666,0hour1__
eggertma,eggertma
konchokdolma,hillaryforoh
ilmh123,waynedupreeshow
icranmer,dailycaller
icranmer,0hour1__
queenlila_926,waynedupreeshow
ultimatecj,ultimatecj
ellabortrump,krishpuri
edflint2,realpresdonald
debfinley46,realdonaldtrump
debfinley46,0hour1__
debfinley46,0hour1__
debfinley46,0hour1__
marcauxpolo,marcauxpolo
isaiojeda4,janetjackson
isaiojeda4,hillaryclinton
isaiojeda4,wisewmn4clinton
lrmortensen,dailypollske
denee1977,hillaryclinton
denee1977,realdonaldtrump
denee1977,clintonkaine_
ajokuvictor2,mbuhari
ajokuvictor2,realdonaldtrump
ajokuvictor2,hillaryclinton
watersnatasha1,whitewatercrew
watersnatasha1,whitewatercrew
drolland56,janetjackson
drolland56,hillaryclinton
drolland56,wisewmn4clinton
debhart312,waynedupreeshow
keesie59,realdonaldtrump
keesie59,varneyco
carynholt,waynedupreeshow
ziembadenise,0hour1__
latina56,caseymarc
ubergrump,0hour1__
jeremyrobet_r3s,freedom2marry
lorijeanwood99,ejlandwehr
flapperfilth,hillaryclinton
flapperfilth,wesearchr
ms_morticia,hillaryclinton
ms_morticia,wesearchr
therealjasmnika,theorlandojones
gigglesbaby52,waynedupreeshow
omen_syria,omen_syria
markgenthe,dailycaller
markgenthe,0hour1__
markgenthe,hillaryclinton
markgenthe,gop
markgenthe,trumpd2016
markgenthe,gop
markgenthe,trumpd2016
markgenthe,dailycaller
tawney_nlcole,waynedupreeshow
kickasskmo,kickasskmo
dianadiaz,booboobear4u2
hss0ccerprobs,waynedupreeshow
emery4_emery,realdonaldtrump
emery4_emery,teamtrump
donnabutchie,waynedupreeshow
madam_nyobi,janetjackson
madam_nyobi,hillaryclinton
madam_nyobi,wisewmn4clinton
manuel_labor__,0hour1__
tedkidd,defendingtheusa
tedkidd,magnifier661
malemongoose,hillaryclinton
malemongoose,realdonaldtrump
malemongoose,clintonkaine_
marcusrakis,0hour1__
marcusrakis,0hour1__
bonnyfletcher5,hillaryforoh
trpmaker,trumplasvegas
trpmaker,unitehere
bytepatent,laurakopp
zacharysotbo,ericschiffer
wakeupneo1,realpresdonald
maria00004321,0hour1__
ninaninapcaron,realdonaldtrump
ninaninapcaron,teamtrump
judysim41430323,gop
yaser777x,ashnicolemoss
vicenticohs,0hour1__
sophiaovxo,dchomos
mrs1cupcakegirl,hillaryclinton
mrs1cupcakegirl,retroactivelisa
49_astrid,hillaryclinton
49_astrid,wesearchr
flputter22,0hour1__
tolulopeab,ngrsenate
tolulopeab,eienigeria
fonzcrazy8,teamt
fonzcrazy8,hillaryclinton
fonzcrazy8,realdonaldtrump
fonzcrazy8,joshgremillion
ambrialee,0hour1__
blueefoxxx,realjmannarino
normashaus,0hour1__
mrsmrt19501,hillaryclinton
mrsmrt19501,realdonaldtrump
mrsmrt19501,clintonkaine_
woodywoodturner,bennydiego
xdeathwish554x,waynedupreeshow
tall_walton,0hour1__
whatzzhername,waynedupreeshow
majoraustin59,waynedupreeshow
brianrooikatz,0hour1__
infinityforu,0hour1__
ingridium,lbc4
grumpykitteh,randolelizabeth
musiklpn,ronnypascale
bsmithmd3631,waynedupreeshow
yvonne_gulley,waynedupreeshow
scrdnyc,scrdnyc
aranthegreat,politics_gov
catlovergail,hillaryclinton
catlovergail,realdonaldtrump
catlovergail,clintonkaine_
patriotwoman_,teamt
patriotwoman_,hillaryclinton
patriotwoman_,realdonaldtrump
patriotwoman_,joshgremillion
rdmay53,ronnypascale
peterlausen,0hour1__
mydoghasagun,0hour1__
debrammason1,realdonaldtrump
debrammason1,hillaryclinton
debrammason1,vote
sonofthebronx,stephenathome
mariaaraujo,realdonaldtrump
mariaaraujo,hillaryclinton
mariaaraujo,vote
mariaaraujo,politics_gov
curmudgeonace,teamt
curmudgeonace,hillaryclinton
curmudgeonace,realdonaldtrump
curmudgeonace,joshgremillion
lucitastorm,lucitastorm
rninfl,hillaryclinton
rninfl,realdonaldtrump
rninfl,voice_your_vote
lilladydemon,politics_gov
ziggyinheavon,0hour1__
mrsautonomous,realdonaldtrump
mrsautonomous,varneyco
b_roelf,waynedupreeshow
ucla_007,h1llary4prez
ucla_007,kellyannepolls
darlaferriss1,realdonaldtrump
darlaferriss1,reince
massagedocmi,realdonaldtrump
massagedocmi,teamtrump
softbaillprobs,waynedupreeshow
mariasolnevada,realdonaldtrump
mariasolnevada,teamtrump
bluejay8181,politics_gov
efgoldson,efgoldson
zenber1,brookingsinst
monibhachu,hillaryclinton
monibhachu,realdonaldtrump
monibhachu,foxnews
cscurlock1995,waynedupreeshow
online_poppers,flotus
online_poppers,billclinton
online_poppers,wdfx2eu7
online_poppers,hillaryclinton
online_poppers,waynedupreeshow
online_poppers,waynedupreeshow
jan_camp001,realdonaldtrump
jan_camp001,anncoulter
jan_camp001,waynedupreeshow
osujiekene,realdonaldtrump
issabellacima,cdixon25
issabellacima,pesky_polls
patricklmccoy4,nubianawakening
francishumes,realdonaldtrump
francishumes,teamtrump
janetlindstrom,0hour1__
pumps4trump,realdonaldtrump
pumps4trump,teamtrump
walkamoungsheep,0hour1__
bechangetoday,hillaryforoh
c1w2d3,0hour1__
jackieespinal4u,varidienne
jackieespinal4u,dchomos
outetbankstb,waynedupreeshow
ofpeopl,realdonaldtrump
ofpeopl,humans_vs_trump
ofpeopl,dailycaller
ofpeopl,andrewmseaman
superspacedad,brookingsinst
roughliterature,realdonaldtrump
roughliterature,teamtrump
amandanelledgar,awardsdailytv
jazzymorgan1311,cletisstump
pollyfrogy,investorsplan
cheffabrizio,teamtrump
jhnuyvan,politics_gov
sandyv09,caseymarc
jshegyi3rd,aj_ski_bum
jshegyi3rd,alecbaldwin
tmalexander27,janetjackson
tmalexander27,hillaryclinton
tmalexander27,wisewmn4clinton
ginagmtz,i_am_scifi
smallbiz_coahc,ericschiffer
texasbaseballma,teamt
texasbaseballma,hillaryclinton
texasbaseballma,realdonaldtrump
texasbaseballma,joshgremillion
jeca2022,realdonaldtrump
jeca2022,teamtrump
nashpredator,realdonaldtrump
nashpredator,hillaryclinton
nashpredator,vote
ramona7rae,brookingsinst
skybuny,realdonaldtrump
skybuny,anncoulter
skybuny,waynedupreeshow
jconabicycle,bennydiego
silhouettefit,realdonaldtrump
silhouettefit,anncoulter
silhouettefit,waynedupreeshow
draesims,irshroz
llngomakeemcum_,waynedupreeshow
sjsmartasstv,0hour1__
geo7272,0hour1__
kmjdu,janetjackson
kmjdu,hillaryclinton
kmjdu,wisewmn4clinton
mgraves66,teamt
mgraves66,hillaryclinton
mgraves66,realdonaldtrump
mgraves66,joshgremillion
collectcall1,waynedupreeshow
framus4,saltytusk
yourqueeen_,aegallagher
onthesixty6,realbencarson
onthesixty6,marcorubio
onthesixty6,tedcruz
onthesixty6,realdonaldtrump
dozovideo,dozovideo
michaelobrian4,politics_gov
suzi_chandler,janetjackson
suzi_chandler,hillaryclinton
suzi_chandler,wisewmn4clinton
janc60,hillaryclinton
janc60,trace_width
paddysparg,realdonaldtrump
paddysparg,anncoulter
paddysparg,waynedupreeshow
aztxwoman,dailycaller
domesticatedgay,dchomos
irhystay,bennydiego
crzybryseph,dchomos
markdevierss,ericschiffer
julianaillari,bennydiego
colletteryan56,0hour1__
amy_kru,hillaryclinton
amy_kru,realdonaldtrump
amy_kru,voice_your_vote
boycotthrc,realdonaldtrump
boycotthrc,teamtrump
hatermaker82,hatermaker82
lexaehayes713,lexaehayes713
tpnfeather,hillaryclinton
tpnfeather,reince
samsweets,ronnypascale
perley56,realdonaldtrump
perley56,varneyco
shionyaa,carolinedoodles
brandydianek2,0hour1__
brandydianek2,politics_gov
surflinez,realdonaldtrump
surflinez,anncoulter
surflinez,waynedupreeshow
fonebonejay,0hour1__
sewardlawrence,dailycaller
karens_resale,0hour1__
peggyruppe,dailycaller
peggyruppe,0hour1__
karinsabatini1,waynedupreeshow
mirandogirl,libertynews1776
unwindamind,0hour1__
usbubba,0hour1__
senatorronbo,nubianawakening
rarebreed_5150,realdonaldtrump
rarebreed_5150,anncoulter
rarebreed_5150,waynedupreeshow
spradlinok,hillaryclinton
spradlinok,gop
gradingpro,wesearchr
vicbunchjr,realdonaldtrump
vicbunchjr,anncoulter
vicbunchjr,waynedupreeshow
charliesigmona,ericschiffer
shelbs_lundklss,waynedupreeshow
__yessire,aegallagher
orcsbane88,epiphanydceth
daspinator,dikachew
daspinator,hillaryclinton
myamulata,janetjackson
myamulata,hillaryclinton
myamulata,wisewmn4clinton
nikkibaker007,eyekonik
sandyhuggy,realdonaldtrump
sandyhuggy,anncoulter
sandyhuggy,waynedupreeshow
mandymynatt,waynedupreeshow
bugl3t,hillaryforoh
caliblonde8,aegallagher
nancy180,cheltraynor
nancy180,bannerite
nancy180,mtnmd
nancy180,cp2austin
nancy180,gertshap
nancy180,tomas_mier
nancy180,ejlandwehr
willdye4u,cp2austin
sandymullins19,0hour1__
annaapp91838450,0hour1__
annaapp91838450,politics_gov
siguemeesta69,seri0us_hat
cobaltcruiser,pesky_polls
mitlyng,0hour1__
takinyera,brookingsinst
takinyera,keithboykin
onekiwiamerican,malyndanyc
unlimited_mpg,0hour1__
quique1956,ernesto_talvi
jenilynn1001,taydark_77
grace0850,realdonaldtrump
grace0850,anncoulter
grace0850,waynedupreeshow
z21willy,realdonaldtrump
z21willy,anncoulter
z21willy,waynedupreeshow
gracefulyours,christadubill
ninahight,cnnwriter69
bacboye,waynedupreeshow
kimbermolyneux,janetjackson
kimbermolyneux,hillaryclinton
kimbermolyneux,wisewmn4clinton
sincerelykahn,brookingsinst
stopthecarnage,realdonaldtrump
stopthecarnage,anncoulter
stopthecarnage,waynedupreeshow
1tiffanyl,pesky_polls
xmediafaced,hillaryclinton
xmediafaced,realdonaldtrump
xmediafaced,clintonkaine_
o1d_dude,waynedupreeshow
dangcongdao,hillaryclinton
dangcongdao,realdonaldtrump
dangcongdao,clintonkaine_
jenna_m_hunter,hillaryclinton
jenna_m_hunter,realdonaldtrump
jenna_m_hunter,clintonkaine_
elsmith0113,0hour1__
brianvagell,realdonaldtrump
brianvagell,anncoulter
brianvagell,waynedupreeshow
barb2939,hillaryclinton
barb2939,realdonaldtrump
barb2939,voice_your_vote
_jxcm_5,waynedupreeshow
_jxcm_5,waynedupreeshow
alwaysahara1962,bennydiego
koch_aimee,0hour1__
malouiner,saltytusk
malouiner,realdonaldtrump
malouiner,hillaryclinton
malouiner,vote
malouiner,pesky_polls
malouiner,wesearchr
agtdisney,_daisyridley_
joner3lynn,0hour1__
marmandt,janetjackson
marmandt,hillaryclinton
marmandt,wisewmn4clinton
tymadisonmom,hillaryclinton
tymadisonmom,realdonaldtrump
tymadisonmom,clintonkaine_
barb138,dailypollske
backagainben86,hillaryclinton
backagainben86,wesearchr
lauraoutthere,0hour1__
ti3s_0,ericschiffer
jefferysyoung2,realdonaldtrump
jefferysyoung2,anncoulter
jefferysyoung2,waynedupreeshow
sheryljeanneh,hillaryclinton
sheryljeanneh,realdonaldtrump
sheryljeanneh,voice_your_vote
anp1969,waynedupreeshow
anp1969,realdonaldtrump
anp1969,anncoulter
anp1969,waynedupreeshow
janewishon,jawillie
glizzyg7,hillaryclinton
glizzyg7,realdonaldtrump
glizzyg7,clintonkaine_
stv_prc,cp2austin
nearly66,realdonaldtrump
nearly66,varneyco
choforon,realdonaldtrump
choforon,bbc_diez
dwill6413,hillaryclinton
dwill6413,realdonaldtrump
dwill6413,clintonkaine_
jenwoodruff79,waynedupreeshow
fisbarry,janetjackson
fisbarry,hillaryclinton
fisbarry,wisewmn4clinton
rodriguez_10_,keithboykin
mschweitzer1,realdonaldtrump
mschweitzer1,0hour1__
polymathpuppet,abc7
sinclairemaggie,waynedupreeshow
reversingasd,realdonaldtrump
reversingasd,teamtrump
cherylc24976869,hillaryclinton
cherylc24976869,realdonaldtrump
cherylc24976869,voice_your_vote
frmrphy,ronnypascale
joebennett4321,hillaryclinton
joebennett4321,realdonaldtrump
joebennett4321,clintonkaine_
sillysox2,0hour1__
kalinparks,realpresdonald
anilns425,realdonaldtrump
anilns425,anncoulter
anilns425,waynedupreeshow
wtime90,brasilmagic
sommer_vsommer,realdonaldtrump
sommer_vsommer,anncoulter
sommer_vsommer,waynedupreeshow
rlantigerbait79,0hour1__
headcarsnat,christadubill
anitarushlow,batflip331b
anitarushlow,phatzs2
anitarushlow,monicap20162016
anitarushlow,joleesan
anitarushlow,muchmoresalt
anitarushlow,hillaryclinton
anitarushlow,hillaryclinton
anitarushlow,hillaryclinton
anitarushlow,realdonaldtrump
klmunoz54,realdonaldtrump
klmunoz54,anncoulter
klmunoz54,waynedupreeshow
mgmitchell71,teamt
mgmitchell71,hillaryclinton
mgmitchell71,realdonaldtrump
mgmitchell71,joshgremillion
jedidiahman,jedidiahman
jamesrbeaty,0hour1__
hillaryisracist,teamt
hillaryisracist,hillaryclinton
hillaryisracist,realdonaldtrump
hillaryisracist,joshgremillion
mktsutherland,janetjackson
mktsutherland,hillaryclinton
mktsutherland,wisewmn4clinton
michaelhblank,libertynews1776
wende_copfer,ronnypascale
scarletteharris,kevinallred
weavejenn,amjoywhale
blueboy19562001,0hour1__
grind_mode,hillaryclinton
grind_mode,realdonaldtrump
grind_mode,clintonkaine_
radiojs,realdonaldtrump
radiojs,anncoulter
radiojs,waynedupreeshow
breezecyclone,gertshap
rob_lovecraft,0hour1__
shannonaber,hillaryclinton
downtownusa1,realdonaldtrump
downtownusa1,anncoulter
downtownusa1,waynedupreeshow
ashsimplywright,savionwright
100rup,janetjackson
100rup,hillaryclinton
100rup,wisewmn4clinton
mz_sgreen,ronnypascale
takslwalker,realdonaldtrump
takslwalker,imadirtybubble
quicksilver2723,malyndanyc
wgsimpson,hillaryclinton
wgsimpson,realdonaldtrump
wgsimpson,clintonkaine_
unbeknownsttome,wdfx2eu7
longlivejw,realdonaldtrump
longlivejw,varneyco
anstyledotcom,ronnypascale
renatahale,janetjackson
renatahale,hillaryclinton
renatahale,wisewmn4clinton
gfeinholtz,gamblor5555
stephholaday,realdonaldtrump
stephholaday,anncoulter
stephholaday,waynedupreeshow
herblady0519,0hour1__
herblady0519,hillaryclinton
herblady0519,realdonaldtrump
herblady0519,clintonkaine_
heartlocked,heartlocked
bb47ishere,nia4_trump
bb47ishere,realdonaldtrump
bb47ishere,anncoulter
bb47ishere,waynedupreeshow
pfeifer_russel,0hour1__
mstamy2007,hillaryclinton
mstamy2007,realdonaldtrump
mstamy2007,clintonkaine_
ilmannaro,hillaryclinton
ilmannaro,realdonaldtrump
ilmannaro,clintonkaine_
rashauna_21,rashauna_21
sunshineseth77,rashauna_21
bergsteinpatel,hillaryclinton
bergsteinpatel,realdonaldtrump
bergsteinpatel,clintonkaine_
acmelass,dailycaller
missmindfield,realdonaldtrump
missmindfield,anncoulter
missmindfield,waynedupreeshow
wallyambrose1,mcspocky
jesus2come,libertynews1776
ca1no,politics_gov
rbobca,waynedupreeshow
bluishgray,libertynews1776
____aaey,tracyfortshow
trenajaye,anthony_rocca
de_pluribus_unu,politics_gov
bryanswig,realdonaldtrump
bryanswig,anncoulter
bryanswig,waynedupreeshow
strycker77,hillaryclinton
strycker77,realdonaldtrump
strycker77,clintonkaine_
i_aver,0hour1__
donnaan22376567,politics_gov
jgills14,realdonaldtrump
jgills14,teamtrump
leeclipperfan,janetjackson
leeclipperfan,hillaryclinton
leeclipperfan,wisewmn4clinton
thegardner97,realdonaldtrump
thegardner97,anncoulter
thegardner97,waynedupreeshow
trumpmormons,libertynews1776
unclestafford,mcspocky
betsee11,realdonaldtrump
betsee11,hillaryclinton
betsee11,vote
teresaillawarra,tomas_mier
tigem,mcspocky
lindasuhler,realdonaldtrump
lindasuhler,anncoulter
lindasuhler,waynedupreeshow
kathleenkinlin,jew_majesty
shellbaby078,_erock
insleyjosh,brookingsinst
tigersag,the_polls_
lightning_grl,gop
lightning_grl,trumpd2016
stephmcmurphy,realdonaldtrump
stephmcmurphy,anncoulter
stephmcmurphy,waynedupreeshow
rahma2701,freedom2marry
specialkmb1969,0hour1__
nathan_penning,teamt
nathan_penning,hillaryclinton
nathan_penning,realdonaldtrump
nathan_penning,joshgremillion
nathan_penning,politics_gov
arturocampos4,sinembargomx
sejehh,hillaryclinton
sejehh,realdonaldtrump
sejehh,foxnews
deannecox777,0hour1__
ginapuccinelli,ymca
santicoulon,kwelkernbc
santicoulon,realdonaldtrump
orangep3,hillaryclinton
orangep3,realdonaldtrump
orangep3,voice_your_vote
jatteberry88,hillaryclinton
jatteberry88,realdonaldtrump
jatteberry88,clintonkaine_
spirotsar,youtube
spirotsar,followthetrizzl
spirotsar,frankspadone
spirotsar,bigangcomic
scarlett210,libertynews1776
scarlett210,libertynews1776
rvogt1_cba,0hour1__
stellabalsamini,tomas_mier
outsideportal,taydark_77
strikeitrich92,ronnypascale
mgperrett,nubianawakening
roxanna_watrous,0hour1__
kevinmck33,realdonaldtrump
kevinmck33,teamtrump
mlss_leeroy,waynedupreeshow
banksger1,mcspocky
teresa92999471,hillaryclinton
teresa92999471,gop
teresa92999471,trumpd2016
freeedooooooom,0hour1__
tjmadaras,teamt
tjmadaras,hillaryclinton
tjmadaras,realdonaldtrump
tjmadaras,joshgremillion
tjmadaras,politics_gov
sandio5o9,mcspocky
blackmali51,realdonaldtrump
blackmali51,anncoulter
blackmali51,waynedupreeshow
coff33loveit,waynedupreeshow
evexhouses,aegallagher
shellyyk1977,mahamosa
ashuboi_rockzz,johncena
loisbolin,realdonaldtrump
loisbolin,anncoulter
loisbolin,waynedupreeshow
ashlee03251988,debates2016
darlene_reid56,trumplasvegas
darlene_reid56,unitehere
cd5762,cd5762
cd5762,cd5762
nrosson7,0hour1__
susaneldridge1,cp2austin
jgkyle,0hour1__
rayjconway,politics_gov
philba101,waynedupreeshow
marciadombrowsk,darrenjjordan
sergrod88,aegallagher
kennyplan,mcspocky
curlousitybites,waynedupreeshow
blebzgucci,waynedupreeshow
wordbrd,dchomos
88madenova,ericschiffer
_papssss,realdonaldtrump
_papssss,excelsior
andrebulatov,0hour1__
charri68,bennydiego
brokigpojke,lesliermyers
tigerdell,realdonaldtrump
tigerdell,anncoulter
tigerdell,waynedupreeshow
dougietterb11,realdonaldtrump
dougietterb11,reince
dougietterb11,hillaryclinton
dougietterb11,reince
mkeeastsider,0hour1__
msgreenjeans,realdonaldtrump
msgreenjeans,anncoulter
msgreenjeans,waynedupreeshow
msgreenjeans,waynedupreeshow
zackfraser,dchomos
michael01958903,taydark_77
melissablive,remiadetiba
melissablive,kellyannepolls
bevlover1,realdonaldtrump
bevlover1,anncoulter
bevlover1,waynedupreeshow
sexydiabetic2,sexydiabetic2
nmenmene,politics_gov
delmartian4,libertynews1776
sothernbelle70,realdonaldtrump
sothernbelle70,anncoulter
sothernbelle70,waynedupreeshow
lostinar,realpresdonald
_no2gop,mcspocky
trumpcatmax,realpresdonald
helovedmemore,realdonaldtrump
helovedmemore,anncoulter
helovedmemore,waynedupreeshow
bigblue1180,0hour1__
maryfis90730348,0hour1__
menmy3guys,0hour1__
fin1ey5,hillaryclinton
fin1ey5,realdonaldtrump
fin1ey5,clintonkaine_
alunthe,alunthe
edmundite1,realdonaldtrump
edmundite1,teamtrump
desiaallyjoseph,0hour1__
castterry,politics_gov
truthabtgop,mcspocky
lisa9liz,sharon4marie
jules_j_007,jules_j_007
jules_j_007,jules_j_007
lisa9liz,jules_j_007
lisa9liz,hillaryclinton
mezzomoon,realdonaldtrump
mezzomoon,anncoulter
mezzomoon,waynedupreeshow
billyheathknow,d_cummins
catherine_rossi,realdonaldtrump
catherine_rossi,anncoulter
catherine_rossi,waynedupreeshow
jamesgutierrez6,aegallagher
gracecourtwrig3,realdonaldtrump
gracecourtwrig3,anncoulter
gracecourtwrig3,waynedupreeshow
ethanhood92,waynedupreeshow
nacleswaggin,readyeddy57
merajade,realdonaldtrump
merajade,anncoulter
merajade,waynedupreeshow
southflorida95,hillaryforoh
marythrelkeld4,hillaryclinton
marythrelkeld4,realdonaldtrump
marythrelkeld4,clintonkaine_
lesliermyers,lesliermyers
arln1966,lesliermyers
james_anthony5,waynedupreeshow
paulpvance,realdonaldtrump
paulpvance,anncoulter
paulpvance,waynedupreeshow
mzspelldena,janetjackson
mzspelldena,hillaryclinton
mzspelldena,wisewmn4clinton
derekmyohe,taydark_77
toryall,nubianawakening
vote4hrc,mcspocky
smashingsquash,andrewgutin
gmarz39,the_polls_
iessthans,waynedupreeshow
davidhe46361805,caseymarc
bhnsils31,realdonaldtrump
bhnsils31,anncoulter
bhnsils31,waynedupreeshow
judeskillz,realdonaldtrump
judeskillz,anncoulter
judeskillz,waynedupreeshow
thekinner,realdonaldtrump
thekinner,anncoulter
thekinner,waynedupreeshow
tommykeaton,politics_gov
tamiam71,waynedupreeshow
lesliewix,politics_gov
realtrollnews,hillaryclinton
realtrollnews,realdonaldtrump
realtrollnews,clintonkaine_
johanernelind,waynedupreeshow
watchmen11b,realdonaldtrump
watchmen11b,anncoulter
watchmen11b,waynedupreeshow
blackhawkteam05,waynedupreeshow
scotpaul,dailycaller
xcrvene,hillaryclinton
xcrvene,realdonaldtrump
xcrvene,clintonkaine_
monrobali,realdonaldtrump
monrobali,anncoulter
monrobali,waynedupreeshow
skorpyos,mcspocky
astylezbeats,0hour1__
ephs_sn0s,waynedupreeshow
sevigny_rob,hillaryclinton
sevigny_rob,realdonaldtrump
sevigny_rob,clintonkaine_
clarkbar6102,0hour1__
ronharnerjr,caseymarc
darrenblainefan,freedom2marry
hijcp,yo
hdigebtt,hillaryclinton
hdigebtt,reince
hdigebtt,realdonaldtrump
hdigebtt,reince
bigbillyt2,bigbillyt2
bigbillyt2,bigbillyt2
bigbillyt2,bigbillyt2
shatteraheart,realdonaldtrump
shatteraheart,anncoulter
shatteraheart,waynedupreeshow
fincherjustin,realdonaldtrump
fincherjustin,anncoulter
fincherjustin,waynedupreeshow
hotnostrilsrfun,dailycaller
abfuentez66,_daisyridley_
dawnrising2,waynedupreeshow
traciadomiak,ohdems
traciadomiak,hillaryclinton
katesanner,janetjackson
katesanner,hillaryclinton
katesanner,wisewmn4clinton
edwrather,realdonaldtrump
edwrather,anncoulter
edwrather,waynedupreeshow
markmcamerica2,wesearchr
huey_pat,dailycaller
fiestylisa46,bennydiego
fiestylisa46,ronnypascale
joy96753,mcspocky
ajyhoir,ericschiffer
deb6090,hillaryclinton
deb6090,gop
deb6090,gop
g_tarr2,0hour1__
g_tarr2,realdonaldtrump
g_tarr2,anncoulter
g_tarr2,waynedupreeshow
sign2shine,dchomos
sheffieldjay,bennydiego
monicaborges74,ashleyshymiller
monicaborges74,whitewatercrew
twiga747,immigrant4trump
5_fly_5,realdonaldtrump
5_fly_5,anncoulter
5_fly_5,waynedupreeshow
johnraphael,dchomos
dreamboutu36,0hour1__
pmd3025,0hour1__
deplorableme420,politics_gov
larry_d_rubin,bchaza
larry_d_rubin,beltrandelrio
larry_d_rubin,adrymarini
debmentzel,0hour1__
debmentzel,dailycaller
cdhl82,waynedupreeshow
pigarvalor,realdonaldtrump
pigarvalor,anncoulter
pigarvalor,waynedupreeshow
rusynka,realdonaldtrump
rusynka,anncoulter
rusynka,waynedupreeshow
g_quantum,g_quantum
renda_beltzer,hillaryclinton
renda_beltzer,gop
renda_beltzer,trumpd2016
susanbeu23,bennydiego
lizsevilla,sinembargomx
hinduwebsite,hinduwebsite
edsheer4nq,waynedupreeshow
catduffy,thedailybeast
kguzaz,wesleybonner
barbeekinnison,leephillipcruz
barbeekinnison,dailypollske
josephmetzler,hillaryclinton
josephmetzler,realdonaldtrump
josephmetzler,clintonkaine_
jeannieacouch,dailypollske
jeannieacouch,dailypollske
deplorablemac,realdonaldtrump
deplorablemac,anncoulter
deplorablemac,waynedupreeshow
theantigop,mcspocky
mclinkface,bennydiego
brentsgirl4life,teamt
brentsgirl4life,hillaryclinton
brentsgirl4life,realdonaldtrump
brentsgirl4life,joshgremillion
robinmay,robinmay
haneyjonesr,cnnwriter69
reimagination1,teamt
reimagination1,hillaryclinton
reimagination1,realdonaldtrump
reimagination1,joshgremillion
janiecestaton,thedailybeast
flalady4trump,pesky_polls
wvpapix3,waynedupreeshow
stuckin_mud,0hour1__
strydr,0hour1__
southarsymynhop,ericschiffer
debbie858,trumplasvegas
debbie858,unitehere
carol_mertz,politics_gov
nedb0wen,waynedupreeshow
lyngirlcl,nubianawakening
adiyaluv,hillaryclinton
adiyaluv,realdonaldtrump
adiyaluv,clintonkaine_
mcswain_j,0hour1__
djtwmar,hillaryclinton
djtwmar,wesearchr
djtwmar,waynedupreeshow
poet__swag,stevendevenport
mrcatstubble,mrcatstubble
mrcatstubble,mrcatstubble
fiercedefender1,thedailybeast
cupcakecraze11,0hour1__
literarylucifer,waynedupreeshow
soxfan0u812,ronnypascale
danielle_x0o,0hour1__
traderdoug,0hour1__
nikkiwilkerson,0hour1__
seekeroftruth37,thedailybeast
catdog2many,realdonaldtrump
catdog2many,anncoulter
catdog2many,waynedupreeshow
godemidaho,mcspocky
jonnybehood,realpresdonald
rubylee_ruby,brasilmagic
rubylee_ruby,rockthevote
jefflcohen,realdonaldtrump
jefflcohen,reince
jefflcohen,waynedupreeshow
louwrensstassen,hillaryclinton
louwrensstassen,realdonaldtrump
louwrensstassen,clintonkaine_
louwrensstassen,politics_gov
ramitheballer23,abc7carlos
rajuclaire,dailycaller
johnreesepol,hillaryclinton
johnreesepol,realdonaldtrump
johnreesepol,clintonkaine_
venezuela_ojo,bbcmundo
venezuela_ojo,realdonaldtrump
venezuela_ojo,realdonaldtrump
venezuela_ojo,bbc_diez
usaforyoubruv,waynedupreeshow
hellmouse,janetjackson
hellmouse,hillaryclinton
hellmouse,wisewmn4clinton
kjon1234561234,realdonaldtrump
kjon1234561234,anncoulter
kjon1234561234,waynedupreeshow
sydv13,maramcewin
elitabori,libertynews1776
elitabori,realdonaldtrump
elitabori,anncoulter
elitabori,waynedupreeshow
voix_of_reason,waynedupreeshow
oddlyb,bennydiego
yagermyster7,janetjackson
yagermyster7,hillaryclinton
yagermyster7,wisewmn4clinton
michelle_kbisr,ericschiffer
deblenee,mcspocky
reneeb_75,reneeb_75
reneeb_75,reneeb_75
reneeb_75,reneeb_75
reneeb_75,reneeb_75
abrandude666,dailypollske
abrandude666,caseymarc
abrandude666,politics_gov
findheartrock,bennydiego
_jadacie,aegallagher
bezi101,keithboykin
shequita37,i_am_scifi
shequita37,ejlandwehr
kinoptika,kinoptika
czehner31,realdonaldtrump
czehner31,anncoulter
czehner31,waynedupreeshow
marty_nix,mcspocky
g2germania,realdonaldtrump
g2germania,anncoulter
g2germania,waynedupreeshow
rommelsaxena,realdonaldtrump
rommelsaxena,0hour1__
907_b,hillaryclinton
907_b,realdonaldtrump
907_b,clintonkaine_
hopefulpatriots,realdonaldtrump
hopefulpatriots,anncoulter
hopefulpatriots,waynedupreeshow
gjonesc3,dailycaller
annette30795167,umesh_narasimha
sdarkwah,brookingsinst
ashjxson,teamtru
ashjxson,dargyros79
bbrh123,realdonaldtrump
bbrh123,anncoulter
bbrh123,waynedupreeshow
hapabud,realdonaldtrump
hapabud,anncoulter
hapabud,waynedupreeshow
cag113,yo
thelovelygirl,andrewmseaman
buddycat100,hillaryclinton
buddycat100,gop
salcidoperla,vegas
salcidoperla,lasairport
salcidoperla,hillaryclinton
salcidoperla,realdonaldtrump
salcidoperla,prestontvnews
777denny_,realdonaldtrump
777denny_,hillaryclinton
777denny_,vote
cerriwin,janetjackson
cerriwin,hillaryclinton
cerriwin,wisewmn4clinton
followjesus_8st,waynedupreeshow
ngnugget,ashleyrparker
zurent,thedailybeast
eric_kennedy_,realdonaldtrump
eric_kennedy_,anncoulter
eric_kennedy_,waynedupreeshow
americanmex067,politics_gov
americanmex067,teamt
americanmex067,hillaryclinton
americanmex067,realdonaldtrump
americanmex067,joshgremillion
parker1rosemary,waynedupreeshow
cjdobie,libertynews1776
cjdobie,hillaryclinton
cjdobie,realdonaldtrump
cjdobie,clintonkaine_
yayala19,realdonaldtrump
yayala19,teamtrump
zellers04,basedmattforney
seangrenier,teamt
seangrenier,hillaryclinton
seangrenier,realdonaldtrump
seangrenier,joshgremillion
beards4trump,waynedupreeshow
tjmelville1,taydark_77
evilelvis,thedailybeast
weneedhillary,mcspocky
jslaugh966,0hour1__
kajpbl,realdonaldtrump
kajpbl,anncoulter
kajpbl,waynedupreeshow
xxobi_wan69xx,0hour1__
fleurdelisazure,ejlandwehr
vegqnfitjojo,ericschiffer
jagwirfan,realdonaldtrump
jagwirfan,anncoulter
jagwirfan,waynedupreeshow
marshall57_99,waynedupreeshow
loyaltotrump,0hour1__
loyaltotrump,politics_gov
loyaltotrump,0hour1__
ebonydawnmarsh,thedailybeast
rebecca_ann66,realdonaldtrump
rebecca_ann66,anncoulter
rebecca_ann66,waynedupreeshow
rebecca_ann66,waynedupreeshow
anthonysmithjr_,keithboykin
bbboomer4bernie,0hour1__
murlgirl1,waynedupreeshow
murlgirl1,waynedupreeshow
emmagrashun,hillaryclinton
emmagrashun,realdonaldtrump
emmagrashun,clintonkaine_
libertarian2hu,0hour1__
carmenmorrisday,vanjones68
pln6364,dailypollske
pln6364,wesearchr
akamotherto3,hillaryclinton
akamotherto3,retroactivelisa
meljgnoakes1,realdonaldtrump
meljgnoakes1,anncoulter
meljgnoakes1,waynedupreeshow
claudette47t,ericschiffer
ecumenotopia,jordanchariton
sharon_birdwell,realdonaldtrump
sharon_birdwell,0hour1__
rebeccayeung5,politics_gov
zuzianyc,waynedupreeshow
nikluk,realjmannarino
teacherfortrump,0hour1__
eltrlbb,waynedupreeshow
eva48w4,politics_gov
eva48w4,dailypollske
ronthornton,teamt
ronthornton,hillaryclinton
ronthornton,realdonaldtrump
ronthornton,joshgremillion
morgan_rolltide,libertynews1776
morgan_rolltide,jojoh888
secretgrouphtx,jennyjohnsonhi5
akaxochi,gertshap
michealhendrix,realdonaldtrump
michealhendrix,anncoulter
michealhendrix,waynedupreeshow
mamacita93,mcspocky
growsbeak,mcspocky
cookingconquest,waynedupreeshow
freechoice16,realdonaldtrump
freechoice16,anncoulter
freechoice16,waynedupreeshow
diesel548,waynedupreeshow
jlagiglio,gop
jlagiglio,realdonaldtrump
jlagiglio,reince
wroseth,realdonaldtrump
wroseth,teamtrump
tamiguitar,donna_west
tamiguitar,hillaryclinton
filmcollboratve,hillaryclinton
filmcollboratve,realdonaldtrump
filmcollboratve,clintonkaine_
_thugmore,waynedupreeshow
joannawuv143,realdonaldtrump
joannawuv143,0hour1__
manzaniuz,bbc_diez
manzaniuz,excelsior
manzaniuz,carlosloret
manzaniuz,avalenzuelamx
manzaniuz,realdonaldtrump
manzaniuz,hillaryclinton
manzaniuz,realdonaldtrump
a_lefty_2,realdonaldtrump
a_lefty_2,humans_vs_trump
tungtime,janamal
barbknowsbest,waynedupreeshow
ocean_state211,mcspocky
inabsentia9,waynedupreeshow
lollyj62,0hour1__
txholdemsdarlin,realdonaldtrump
txholdemsdarlin,anncoulter
txholdemsdarlin,waynedupreeshow
ginidd,hillaryclinton
ginidd,gop
ginidd,politics_gov
coberly98,0hour1__
nourinv,mrgaryhuang
globalndp,ericschiffer
boomynation,teamt
boomynation,hillaryclinton
boomynation,realdonaldtrump
boomynation,joshgremillion
hookie10,hillaryclinton
hookie10,gop
hookie10,trumpd2016
sdsavvy1,0hour1__
khatdrogo,keithboykin
melaniariz,teamt
melaniariz,hillaryclinton
melaniariz,realdonaldtrump
melaniariz,joshgremillion
anguscattlegirl,0hour1__
ja_soto,waynedupreeshow
bluzius,0hour1__
__llghtskinn,waynedupreeshow
chiquisholla,bennydiego
tremontgolfer,jojoh888
jessybessy1980,aegallagher
lover_beagle,realdonaldtrump
lover_beagle,teamtrump
carlosgerardoru,sinembargomx
caticomedy,jennyjohnsonhi5
trump4kentucky,realdonaldtrump
trump4kentucky,hillaryclinton
trump4kentucky,vote
vaughnrl51,realdonaldtrump
vaughnrl51,anncoulter
vaughnrl51,waynedupreeshow
vaughnrl51,0hour1__
vaughnrl51,realdonaldtrump
vaughnrl51,0hour1__
rico782,politics_gov
debate_score,debate_score
senpaiiigaming,hillaryclinton
senpaiiigaming,realdonaldtrump
senpaiiigaming,clintonkaine_
barberini_luigi,0hour1__
hey90533477,realdonaldtrump
hey90533477,anncoulter
hey90533477,waynedupreeshow
maryann4211,mcspocky
woodlawn29488,hillaryclinton
woodlawn29488,realdonaldtrump
woodlawn29488,clintonkaine_
beachsideknits,realdonaldtrump
beachsideknits,0hour1__
noshibash,mcspocky
sammons_martha,thedailybeast
bravesjt,politics_gov
janeharden7,realdonaldtrump
janeharden7,teamtrump
sisters4evert,bellajane127
amusetales,pesky_polls
saywhen_,realdonaldtrump
saywhen_,anncoulter
saywhen_,waynedupreeshow
boss12fly,teamt
boss12fly,hillaryclinton
boss12fly,realdonaldtrump
boss12fly,joshgremillion
ddlschnidt,waynedupreeshow
ddlschnidt,waynedupreeshow
tigerbaby267,hillaryclinton
tigerbaby267,realdonaldtrump
tigerbaby267,clintonkaine_
tigerbaby267,wesearchr
scifidawn,mcspocky
erikdixon34,0hour1__
erikdixon34,realdonaldtrump
erikdixon34,0hour1__
ussrlegion,realdonaldtrump
ussrlegion,0hour1__
enwroughtdreams,realdonaldtrump
enwroughtdreams,anncoulter
enwroughtdreams,waynedupreeshow
sdmattpotter,sdreader
jcd80021,realdonaldtrump
jcd80021,anncoulter
jcd80021,waynedupreeshow
oljany1,0hour1__
macmaid2001,0hour1__
lesblnigeria,waynedupreeshow
sunyy7,thedailybeast
phinsdiehard,teamt
phinsdiehard,hillaryclinton
phinsdiehard,realdonaldtrump
phinsdiehard,joshgremillion
equilibriumeilv,ericschiffer
missfnp,866ourvote
missfnp,rockthevote
hh75876116,realdonaldtrump
hh75876116,varneyco
hh75876116,hillaryclinton
hh75876116,gop
hh75876116,gop
hh75876116,hillaryclinton
hh75876116,gop
nicksmithnews,nicksmithnews
bad73mav1,realdonaldtrump
bad73mav1,anncoulter
bad73mav1,waynedupreeshow
hwenglish10th,janetjackson
hwenglish10th,hillaryclinton
hwenglish10th,wisewmn4clinton
scottp9563,realdonaldtrump
scottp9563,anncoulter
scottp9563,waynedupreeshow
gracielag8140,thedailybeast
pwpcgirl,realdonaldtrump
pwpcgirl,wesearchr
rsultzba,hillaryclinton
rsultzba,realdonaldtrump
rsultzba,clintonkaine_
terryoverton6,hillaryclinton
terryoverton6,realdonaldtrump
terryoverton6,clintonkaine_
terryoverton6,hillaryclinton
terryoverton6,realdonaldtrump
terryoverton6,voice_your_vote
terryoverton6,waynedupreeshow
iowapeg,ejlandwehr
amarx24,kaleeshaepage
pjrn,mcspocky
idontcall911,realdonaldtrump
idontcall911,anncoulter
idontcall911,waynedupreeshow
idontcall911,waynedupreeshow
canaduhrauhi,waynedupreeshow
thetruthdoc,alecbaldwin
mikehauser,alecbaldwin
thetruthdoc,realdonaldtrump
mikehauser,thetruthdoc
mikehauser,realdonaldtrump
felllf,waynedupreeshow
ghislamy,bachafrederic
capt__eric,basedmattforney
thesugarstudioc,iamverysilky
grngalfrmsocal,realdonaldtrump
grngalfrmsocal,0hour1__
amystanley4242,realdonaldtrump
amystanley4242,anncoulter
amystanley4242,waynedupreeshow
enignacio,hillaryclinton
enignacio,realdonaldtrump
enignacio,clintonkaine_
trump_release,mcspocky
gocanes95,0hour1__
kevlynhall,hillaryclinton
kevlynhall,reince
marygarriss,clintonkaine_
laneybaby004,politics_gov
bear4christ68,0hour1__
chocgirl66,ronnypascale
maryla_webb,sambennington98
maragold12,hillaryclinton
maragold12,realdonaldtrump
maragold12,voice_your_vote
leatherneck111,hillaryclinton
leatherneck111,realdonaldtrump
leatherneck111,clintonkaine_
4gatoscuba,hillaryclinton
4gatoscuba,reince
4gatoscuba,gop
gtfo_sjw,hillaryclinton
gtfo_sjw,realdonaldtrump
gtfo_sjw,clintonkaine_
ldaterra,politics_gov
nojonathonno,keithboykin
hillarybgone,0hour1__
bbfrompa,waynedupreeshow
jennixpenni,ejlandwehr
prugtiv,pesky_polls
johnd_mcfarland,peter_fitz
uschristianco,0hour1__
uschristianco,wesearchr
rtx005,brookingsinst
kaltlynfrayser,waynedupreeshow
ikloopopklompen,realdonaldtrump
ikloopopklompen,anncoulter
ikloopopklompen,waynedupreeshow
abuelonilo,rthur013
jomomma367,hillaryclinton
jomomma367,realdonaldtrump
jomomma367,clintonkaine_
juliejourneying,mcspocky
dbsdey681,0hour1__
indians4trump,bellajane127
cat_in_florida,thedailybeast
ryanallen66,gop
fvrdrms,0hour1__
colbert_ed,bennydiego
iuckyjack,waynedupreeshow
emooreme,fwd_us
tonyas30305,teamt
tonyas30305,hillaryclinton
tonyas30305,realdonaldtrump
tonyas30305,joshgremillion
jillosophy,0hour1__
paolalopez1971,epiphanydceth
osirisavatarlol,hillaryclinton
osirisavatarlol,realdonaldtrump
osirisavatarlol,clintonkaine_
maggiepriceless,mrgaryhuang
1sassdiva,wesearchr
amadii,i_am_scifi
kemet2000,reb_tate
usaggusa,politics_gov
nlggasynthesis,waynedupreeshow
alecmecox,realdonaldtrump
alecmecox,anncoulter
alecmecox,waynedupreeshow
jayred_r,politics_gov
richardaustin77,realdonaldtrump
richardaustin77,anncoulter
richardaustin77,waynedupreeshow
collinslowland,mcspocky
policeareheros2,0hour1__
arm1976,realdonaldtrump
arm1976,0hour1__
abhinaybansal,johncena
clemehunn,abc30
clemehunn,corinhoggard
nanelvisfan,aegallagher
jlrye52,suzannekane
jlrye52,imadirtybubble
ariccougar,ariccougar
jlrye52,ariccougar
jlrye52,ariccougar
jlrye52,legalizeitlala
jlrye52,realdonaldtrump
susanstopsongs,susanstopsongs
r0ma_invicta,teamt
r0ma_invicta,hillaryclinton
r0ma_invicta,realdonaldtrump
r0ma_invicta,joshgremillion
juktagame1,ericschiffer
tedyredtedyred,realdonaldtrump
tedyredtedyred,reince
racheld48040847,realdonaldtrump
racheld48040847,anncoulter
racheld48040847,waynedupreeshow
americangirl4u2,0hour1__
dandelion_ins,waynedupreeshow
dance4meagain,politics_gov
nattwelss,waynedupreeshow
uliw315,realdonaldtrump
uliw315,teamtrump
jorjadavis,thedailybeast
zen_raindancer,0hour1__
lisahar56312226,hillaryclinton
lisahar56312226,realdonaldtrump
lisahar56312226,clintonkaine_
texaskat15,teamt
texaskat15,hillaryclinton
texaskat15,realdonaldtrump
texaskat15,joshgremillion
catikins9,brookingsinst
simplyros888,realdonaldtrump
simplyros888,anncoulter
simplyros888,waynedupreeshow
ivancitog_08,dchomos
scott_stalker2,realdonaldtrump
scott_stalker2,anncoulter
scott_stalker2,waynedupreeshow
deanjor90267,realdonaldtrump
deanjor90267,anncoulter
deanjor90267,waynedupreeshow
amylt7215,0hour1__
americanvicky,realdonaldtrump
americanvicky,anncoulter
americanvicky,waynedupreeshow
catinshoe,mgsatmgscom
thelibertylamp,thedailybeast
jallnet12,mcspocky
kevz440704,kevz440704
buttrum_ronald,0hour1__
koolleerlee,mcspocky
deplaurabelle,hillaryclinton
deplaurabelle,realdonaldtrump
deplaurabelle,clintonkaine_
slim2go1,waynedupreeshow
mrmrsnever,politicususa
mrmrsnever,politicussarah
mrmrsnever,thomasbernpaine
snukkems,mcspocky
believeintacos,dchomos
trumpforboston,0hour1__
xmerc45,wgmackie
misskirajade,misskirajade
victoriainphx,thedailybeast
anisac41,realdonaldtrump
anisac41,anncoulter
anisac41,waynedupreeshow
xora613,realdonaldtrump
xora613,anncoulter
xora613,waynedupreeshow
16elemr,mcspocky
16elemr,bennydiego
valeriemackey,thedailybeast
brayleegirlk,ejlandwehr
codywice,dchomos
gillatina,realdonaldtrump
gillatina,0hour1__
robbyismoi,trumplasvegas
robbyismoi,unitehere
jayamerica85,teamtrump
timsilva64,realdonaldtrump
timsilva64,reince
spicepirate00,mcspocky
sdnr3fegoxgv22n,mcspocky
path1124,realdonaldtrump
path1124,anncoulter
path1124,waynedupreeshow
lafferty_alan,waynedupreeshow
rachelk1967,mcspocky
inputfunction,hillaryclinton
inputfunction,realdonaldtrump
inputfunction,voice_your_vote
inputfunction,pesky_polls
debsfriends,waynedupreeshow
maxtor0077,maxtor0077
reddog4340,0hour1__
bulbulnyc,bulbulnyc
dweeb101,dweeb101
cfoxfl,janetjackson
cfoxfl,hillaryclinton
cfoxfl,wisewmn4clinton
teresareed7788,0hour1__
silvershirts,hillaryclinton
silvershirts,realdonaldtrump
silvershirts,clintonkaine_
greywolf0674,taydark_77
byecassie97,daltonrapattoni
dmini4ny,hillaryclinton
dmini4ny,realdonaldtrump
dmini4ny,clintonkaine_
wratch211,0hour1__
drrobinfalkov,realdonaldtrump
drrobinfalkov,teamtrump
munchiesman54,waynedupreeshow
ahmadk1400,teamt
ahmadk1400,hillaryclinton
ahmadk1400,realdonaldtrump
ahmadk1400,joshgremillion
pocidebi,hillaryclinton
pocidebi,realdonaldtrump
pocidebi,clintonkaine_
maryann_penza,politics_gov
maryann_penza,teamt
maryann_penza,hillaryclinton
maryann_penza,realdonaldtrump
maryann_penza,joshgremillion
lcousino34,realdonaldtrump
lcousino34,anncoulter
lcousino34,waynedupreeshow
louie80728257,ejlandwehr
cridersc,realdonaldtrump
cridersc,anncoulter
cridersc,waynedupreeshow
alisaladawan,ejlandwehr
raymondberkeley,cosproject
junen48,gop
junen48,trumpd2016
mayflowerbabe,patriotsbeacon
mayflowerbabe,hillaryclinton
twinamasiko,foxnews
twinamasiko,realdonaldtrump
lelunchbox,realdonaldtrump
lelunchbox,anncoulter
lelunchbox,waynedupreeshow
weralreadygreat,bennydiego
monica_barona,0hour1__
fukdapress,realdonaldtrump
fukdapress,tracyfortshow
hitofan,waynedupreeshow
trump_u_s_a,realdonaldtrump
trump_u_s_a,anncoulter
trump_u_s_a,waynedupreeshow
rothfarms,0hour1__
manimindepndent,trumplasvegas
manimindepndent,unitehere
tidefan101mark,hillaryclinton
tidefan101mark,realdonaldtrump
tidefan101mark,clintonkaine_
chipnjaz,0hour1__
donaldgboudreau,0hour1__
fullfreedominus,0hour1__
fullfreedominus,realdonaldtrump
fullfreedominus,0hour1__
skendell,meganjelene
brittkell__,tracyfortshow
manoncamelshump,mcspocky
aditisi93386013,politics_gov
leeceea1,teamt
leeceea1,hillaryclinton
leeceea1,realdonaldtrump
leeceea1,joshgremillion
_atlas_shrugged,lisa_balthaser
sumersloan,lindseykelk
yosoymarcoochoa,teamtrump
yosoymarcoochoa,hillaryclinton
yosoymarcoochoa,realdonaldtrump
ainokea_tweet,realdonaldtrump
ainokea_tweet,teamtrump
theclobra,randyrainbow
baughman_cb,realdonaldtrump
baughman_cb,anncoulter
baughman_cb,waynedupreeshow
christacyvegas,mcspocky
jenjenintx,dscc
jenjenintx,freedom2marry
jenjenintx,hillaryclinton
debrajean43,teamt
debrajean43,hillaryclinton
debrajean43,realdonaldtrump
debrajean43,joshgremillion
makelelisme,_daisyridley_
curtis084,thedailybeast
mikemtk63,mikemtk63
staylo03,ejlandwehr
wally2k316,hillaryclinton
wally2k316,realdonaldtrump
wally2k316,clintonkaine_
wgmackie,wgmackie
wgmackie,teamt
wgmackie,hillaryclinton
wgmackie,realdonaldtrump
wgmackie,joshgremillion
bjquipsonline,wgmackie
vandam2128,0hour1__
closerange44,mcspocky
brownlegal,dierdrelewis
joylladiebnx,mrgaryhuang
trueanglican,thedailybeast
starlady24,0hour1__
wilderpone,teamtrump
andersc75,i_am_scifi
aa4yl_cheryl,realdonaldtrump
aa4yl_cheryl,anncoulter
aa4yl_cheryl,waynedupreeshow
unionmade37,thedailybeast
earthnotforsale,ejlandwehr
abigail78300965,realdonaldtrump
abigail78300965,teamtrump
mariandclough,dailycaller
bbkatiedwards,mcspocky
politicalcaptn,hillaryclinton
politicalcaptn,realdonaldtrump
politicalcaptn,clintonkaine_
bdweav09,0hour1__
iloveurdog5,realdonaldtrump
iloveurdog5,0hour1__
rmundoosuna,jennyjohnsonhi5
minotauresse,mcspocky
craneman51m,bpolitics
craneman51m,twitterfornews
jjl500,realdonaldtrump
jjl500,anncoulter
jjl500,waynedupreeshow
annefisher84,0hour1__
josbowm,teamt
josbowm,hillaryclinton
josbowm,realdonaldtrump
josbowm,joshgremillion
dennismoriarty5,jeffreyjonsmith
keir___,dchomos
_logandaiseln,ericschiffer
trumptrain3,politics_gov
trumptrain3,teamt
trumptrain3,hillaryclinton
trumptrain3,realdonaldtrump
trumptrain3,joshgremillion
trumptrain3,realdonaldtrump
trumptrain3,hillaryclinton
trumptrain3,vote
jernst1980,0hour1__
lalitalaw2015,constancequeen8
dantemerlino,bbcworld
dantemerlino,realdonaldtrump
balhol31,benja_samuels
balhol31,dchomos
balhol31,hillaryclinton
lmgroatroberts,0hour1__
lmgroatroberts,politics_gov
sponchphd,pedsgeekmd
iltl03,evan_mcmullin
iltl03,mkspeakshismind
alsinan_ahmed,alsinan_ahmed
4reunitedstates,politics_gov
sportgames247,hillaryclinton
sportgames247,reince
howardmclainjr,0hour1__
howardmclainjr,waynedupreeshow
partyofthepeopl,realdonaldtrump
partyofthepeopl,0hour1__
partyofthepeopl,0hour1__
pccote66,waynedupreeshow
djoegriffith1,pesky_polls
kyhorn143,0hour1__
grazzzda,hillaryclinton
grazzzda,reince
lamaleca,lamaleca
dbbevan,waynedupreeshow
cammstride,0hour1__
tyberzannxxxx,voilamarcella
bellajane127,bellajane127
bellajane127,bellajane127
bellajane127,bellajane127
lisa18lmd,bellajane127
dvan1313,realdonaldtrump
dvan1313,anncoulter
dvan1313,waynedupreeshow
tilly70,kevinmcdermott
tilly70,bennydiego
chris_rowlan,gop
rightmom,realdonaldtrump
rightmom,anncoulter
rightmom,waynedupreeshow
britttxhiuttn,politics_gov
britttxhiuttn,teamt
britttxhiuttn,hillaryclinton
britttxhiuttn,realdonaldtrump
britttxhiuttn,joshgremillion
heyheyhorlehe,ericschiffer
meeeedge,teamt
meeeedge,hillaryclinton
meeeedge,realdonaldtrump
meeeedge,joshgremillion
tmentzer1962,0hour1__
maca__garcia,billmaher
maca__garcia,realtimers
zoefull,thedailybeast
suzannejorgens1,thedailybeast
tlombardo21,nubianawakening
ripperroo2021,libertynews1776
ripperroo2021,wesearchr
danihilgaod,ericschiffer
susanta22344574,teamt
susanta22344574,hillaryclinton
susanta22344574,realdonaldtrump
susanta22344574,joshgremillion
therealrob83,realdonaldtrump
therealrob83,anncoulter
therealrob83,waynedupreeshow
ohnostudio,constancequeen8
ohnostudio,0hour1__
rnorman94,0hour1__
retuta,mcspocky
prfmetallica,ronnypascale
allisonmor_ris,ericschiffer
tweetthvote,hillaryclinton
tweetthvote,realdonaldtrump
ronhall46,hillaryclinton
ronhall46,realdonaldtrump
ronhall46,clintonkaine_
alizzieb,rockthevote
wallyandawn,realpresdonald
annbedekar,mcspocky
thebeat_boss,0hour1__
thebeat_boss,waynedupreeshow
shawn23g,realdonaldtrump
shawn23g,reince
shawn23g,hillaryclinton
shawn23g,reince
shawn23g,waynedupreeshow
shawn23g,waynedupreeshow
shawn23g,waynedupreeshow
shawn23g,realdonaldtrump
shawn23g,anncoulter
shawn23g,waynedupreeshow
truehearsay,truehearsay
chrisbrow17,waynedupreeshow
chrisbrow17,waynedupreeshow
shirleyvc725,hillaryclinton
shirleyvc725,realdonaldtrump
shirleyvc725,clintonkaine_
deejohnston53,hillaryclinton
deejohnston53,reince
pdelegal,realdonaldtrump
pdelegal,anncoulter
pdelegal,waynedupreeshow
terminatorbarbi,wesearchr
pjniska,mcspocky
windsordw,toyagatewood
gertshap,yo
windsordw,gertshap
windsordw,stephgwhiteside
windsordw,cp2austin
windsordw,ashleyrparker
windsordw,stevethomma
cjsavant,mcspocky
realjamesd1,realdonaldtrump
realjamesd1,teamtrump
jrg0569,nubianawakening
crsasprintcars,0hour1__
lumom_11,realdonaldtrump
lumom_11,anncoulter
lumom_11,waynedupreeshow
tdennis69,politics_gov
bigboyroy123,realdonaldtrump
bigboyroy123,anncoulter
bigboyroy123,waynedupreeshow
marybinky,marybinky
radgrannyks,constancequeen8
hex_27,mcspocky
secretaz12,realpresdonald
secretaz12,realdonaldtrump
secretaz12,anncoulter
secretaz12,waynedupreeshow
princess2684720,0hour1__
princess2684720,waynedupreeshow
ind_transformer,0hour1__
polillitam,mcspocky
sotightwitit,bennydiego
willamettem,hillaryclinton
willamettem,realdonaldtrump
willamettem,clintonkaine_
michelinatvdin,politics_gov
michelinatvdin,teamt
michelinatvdin,hillaryclinton
michelinatvdin,realdonaldtrump
michelinatvdin,joshgremillion
kaydeeking,hillaryclinton
kaydeeking,itgalnwn
jsmitsky,0hour1__
altitude06,realdonaldtrump
altitude06,anncoulter
altitude06,waynedupreeshow
ronitcharny,realdonaldtrump
ronitcharny,teamtrump
rolandacers,ericschiffer
phhhhhh,phhhhhh
borneobert,hillaryforoh
shhhh116,seanhannity
shhhh116,msnbc
shhhh116,nbc
shhhh116,abc
shhhh116,foxnews
shhhh116,cnn
shhhh116,realdonaldtrump
shhhh116,amschultz71
larrymholliday,dierdrelewis
stephenlicetti,realdonaldtrump
stephenlicetti,teamtrump
apatriotwar,realdonaldtrump
apatriotwar,anncoulter
apatriotwar,waynedupreeshow
ramonia_hood,constancequeen8
patriciaoakes11,libertynews1776
patriciaoakes11,realdonaldtrump
patriciaoakes11,anncoulter
patriciaoakes11,waynedupreeshow
camaro201088,realdonaldtrump
camaro201088,anncoulter
camaro201088,waynedupreeshow
mamab_l,caseymarc
mamab_l,hillaryclinton
mamab_l,realdonaldtrump
mamab_l,voice_your_vote
mamab_l,waynedupreeshow
seymourbutz12,robletofire
seymourbutz12,realdonaldtrump
seymourbutz12,reince
mariannbenway,0hour1__
northwestdude66,qedastoria
northwestdude66,jenafriedman
northwestdude66,christfinnegan
northwestdude66,elunky
giantsfan706,giantsfan706
dtberliner,giantsfan706
concrndfthrprep,thehill
concrndfthrprep,bryankelleybpk
er_naza,mcspocky
aharnois3,0hour1__
aharnois3,realdonaldtrump
aharnois3,0hour1__
sarahwhitn3y,ashnicolemoss
devinhs,wesearchr
remarkable140,realdonaldtrump
remarkable140,anncoulter
remarkable140,waynedupreeshow
mamarod33,waynedupreeshow
cats2cats,thedailybeast
seraph86,keithboykin
georgefayner,thedailybeast
soni1000,realdonaldtrump
soni1000,teamtrump
naaatx3,aegallagher
mdblanchfield,willnoonan
mdblanchfield,leahbonnema
raidersnana,teamt
raidersnana,hillaryclinton
raidersnana,realdonaldtrump
raidersnana,joshgremillion
profxssorebm,ericschiffer
cindygarrett14,0hour1__
jennifer_maiali,realdonaldtrump
jennifer_maiali,anncoulter
jennifer_maiali,waynedupreeshow
stockguy61,hillaryclinton
stockguy61,retroactivelisa
pinkmommy5,trace_width
pinkmommy5,hillaryclinton
24horasmx,24horasmx
retwitstorm_fra,bachafrederic
tim30745249,teamt
tim30745249,hillaryclinton
tim30745249,realdonaldtrump
tim30745249,joshgremillion
thisotaku1000,jlist
getwemap,thedailybeast
knew777771,mcspocky
aura97,aegallagher
oscjay920,0hour1__
croat1988,realdonaldtrump
croat1988,anncoulter
croat1988,waynedupreeshow
wendyvoss,0hour1__
kraig4u,bocavista2016
deeloralei,mcspocky
katgal2,realdonaldtrump
katgal2,tracyfortshow
valleri211e0,ericschiffer
kathleenmom4,waynedupreeshow
seanmastersons,seanmastersons
seanmastersons,seanmastersons
kcdeforge,seanmastersons
boflip,dailycaller
ericaeve,ericaeve
bannedflag,bannedflag
jenkeller71,hillaryclinton
jenkeller71,realdonaldtrump
jenkeller71,clintonkaine_
lindakazahlocke,thedailybeast
waterbender1987,0hour1__
mrsmatthews21,thedailybeast
grouchosharx,hillaryclinton
grouchosharx,reince
battacamron,hillaryclinton
battacamron,realdonaldtrump
battacamron,clintonkaine_
hanes_l,humans_vs_trump
paexia,realdonaldtrump
paexia,anncoulter
paexia,waynedupreeshow
jhjanie1,trumpd2016
jhjanie1,gop
villloli,realpresdonald
nawlinsred2010,mcspocky
nawlinsred2010,bennydiego
talnted_honey,waynedupreeshow
jchilds2015,mcspocky
keck1157,politics_gov
michele_wyatt66,janetjackson
michele_wyatt66,hillaryclinton
michele_wyatt66,wisewmn4clinton
poundbells,azi
kcinec,0hour1__
don85375,realdonaldtrump
don85375,reince
kdioxn,ericschiffer
lauravanoversch,waynedupreeshow
lee_f_roy,mcspocky
cedenoguitar,riethc
franmarcum2,hillaryclinton
franmarcum2,realdonaldtrump
franmarcum2,clintonkaine_
goodluckbeer,goodluckbeer
goodluckbeer,goodluckbeer
ingodwetrust193,hillaryclinton
ingodwetrust193,realdonaldtrump
ingodwetrust193,clintonkaine_
poetebwilkes,hillaryclinton
poetebwilkes,realdonaldtrump
poetebwilkes,clintonkaine_
poetebwilkes,nubianawakening
poetebwilkes,teamt
poetebwilkes,hillaryclinton
poetebwilkes,realdonaldtrump
poetebwilkes,joshgremillion
republieklimbo,realdonaldtrump
republieklimbo,anncoulter
republieklimbo,waynedupreeshow
abbief4ster,waynedupreeshow
amdublin,thedailybeast
crane_maiden,0hour1__
isotopec14,wesearchr
kinardhope,mcspocky
reformedbreeder,teamt
reformedbreeder,hillaryclinton
reformedbreeder,realdonaldtrump
reformedbreeder,joshgremillion
lotta_lara,teamtrump
thejgood,waynedupreeshow
patmo61,0hour1__
nerderymisfit,ejlandwehr
carmela_melo,wesearchr
davemelendez,teamt
davemelendez,hillaryclinton
davemelendez,realdonaldtrump
davemelendez,joshgremillion
x5msport15,realdonaldtrump
x5msport15,anncoulter
x5msport15,waynedupreeshow
kalibear2016,dierdrelewis
toolow,0hour1__
dyhamazon,waynedupreeshow
4evertruther,0hour1__
raeleigh2016,realdonaldtrump
raeleigh2016,anncoulter
raeleigh2016,waynedupreeshow
les_brown2012,realpresdonald
pres1billy,aegallagher
the_saneman,realdonaldtrump
the_saneman,anncoulter
the_saneman,waynedupreeshow
livesusa,hillaryclinton
livesusa,realdonaldtrump
livesusa,voice_your_vote
gerellen,welt
rockridgeaz,0hour1__
mariuantonini,0hour1__
cisppetta,0hour1__
jakechamberss,yo
dzgocats,realdonaldtrump
dzgocats,0hour1__
akhila1989,dierdrelewis
kotuzak,0hour1__
mmalbtwins,0hour1__
socialpowerone1,thedailybeast
stefcarmichael,politics_gov
neurotrade,0hour1__
sunnyatthegulf,0hour1__
ch1ppz,0hour1__
barb1259mb,ejlandwehr
msholmes2u,lindseykelk
marty10707,bennydiego
deplorable_ndh,realdonaldtrump
deplorable_ndh,teamtrump
andrea90907155,hillaryclinton
andrea90907155,realdonaldtrump
andrea90907155,clintonkaine_
andrea90907155,wesearchr
irishodaly,realdonaldtrump
irishodaly,anncoulter
irishodaly,waynedupreeshow
irishodaly,0hour1__
hangryvegan,hangryvegan
hangryvegan,hangryvegan
hrnyfor0d,waynedupreeshow
_erock,hillaryclinton
kes_cat,_erock
kes_cat,realdonaldtrump
kes_cat,vanjones68
drsalimahufana,ericschiffer
silver_selkie,silverwolf_47
swaderpolly,johnpodesta
swaderpolly,0hour1__
swaderpolly,0hour1__
leisakay4,smlbranding
leisakay4,realdonaldtrump
gregguyottjr,breitbartnews
gregguyottjr,gregguyottjr
moerae1,realdonaldtrump
moerae1,anncoulter
moerae1,waynedupreeshow
danielmclion,dchomos
steresa15,gop
steresa15,realdonaldtrump
steresa15,reince
nanci_pray2jc,realpresdonald
alysabethc,kellyannepolls
smithcraiga,waynedupreeshow
jenokooter,hillaryclinton
jenokooter,realdonaldtrump
jenokooter,clintonkaine_
jenokooter,waynedupreeshow
liliamorraz,0hour1__
liliamorraz,teamt
liliamorraz,hillaryclinton
liliamorraz,realdonaldtrump
liliamorraz,joshgremillion
darthjoey75,darthjoey75
del_ninyo,0hour1__
sueettaparks,realdonaldtrump
sueettaparks,anncoulter
sueettaparks,waynedupreeshow
eveofrelease,mcspocky
donaldjeffery1,0hour1__
donaldjeffery1,hillaryclinton
donaldjeffery1,realdonaldtrump
donaldjeffery1,voice_your_vote
lasightseelng,0hour1__
jorge_a_amaral,jorge_a_amaral
cenizasdepapel,jorge_a_amaral
jacquelinehine1,ashleyrparker
debmiller96,realdonaldtrump
debmiller96,anncoulter
debmiller96,waynedupreeshow
soulchecktv,soulchecktv
delunavintage,ronnypascale
61rinaldi,realdonaldtrump
61rinaldi,anncoulter
61rinaldi,waynedupreeshow
vodkamango,brookingsinst
ka2wye,hillaryclinton
ka2wye,reince
pamtaylorcoach,realdonaldtrump
pamtaylorcoach,reince
innovationpith,janetjackson
innovationpith,hillaryclinton
innovationpith,wisewmn4clinton
gregorygallen,hillaryclinton
maureendnv,waynedupreeshow
dewarrenmssoe,ericschiffer
hillbillyfreeme,pesky_polls
njlawbitch,hillaryclinton
njlawbitch,realdonaldtrump
njlawbitch,clintonkaine_
tatianabru,hillaryclinton
tatianabru,realdonaldtrump
tatianabru,clintonkaine_
peachstatecanuk,hillaryclinton
peachstatecanuk,reince
_jayr0o,waynedupreeshow
besilentandknow,dailycaller
rgmart7,0hour1__
elizasawy,trumplasvegas
elizasawy,unitehere
uluvsaz,0hour1__
ksiskproduction,0hour1__
tereshkova2001,nariko_ott
heykelvinsays,dierdrelewis
robertalspence2,flipitdem
robertalspence2,complyanalyst
thesedamnemails,0hour1__
yazslmply,waynedupreeshow
grndpam,realdonaldtrump
grndpam,anncoulter
grndpam,waynedupreeshow
dembigmouthdems,hillaryclinton
dembigmouthdems,realdonaldtrump
dembigmouthdems,voice_your_vote
skallabard69,skallabard69
skallabard69,skallabard69
makeusa_great,hillaryclinton
makeusa_great,realdonaldtrump
makeusa_great,voice_your_vote
makeusa_great,politics_gov
lilsouthernsass,0hour1__
lilsouthernsass,0hour1__
lilsouthernsass,0hour1__
lilsouthernsass,realdonaldtrump
lilsouthernsass,0hour1__
lilsouthernsass,0hour1__
lilsouthernsass,0hour1__
bandz310,whitewatercrew
bandz310,keithboykin
bandz310,jennyjohnsonhi5
bandz310,stevethomma
bandz310,jennyjohnsonhi5
bdturpin,waynedupreeshow
bdturpin,realdonaldtrump
bdturpin,anncoulter
bdturpin,waynedupreeshow
gift2usa,dierdrelewis
dalejrfanforevr,0hour1__
lolaradfred,0hour1__
nomedialies,0hour1__
nomedialies,0hour1__
nomedialies,0hour1__
es9h73,ericschiffer
lordor01laurie,realdonaldtrump
lordor01laurie,wesearchr
lordor01laurie,libertynews1776
billright50,waynedupreeshow
mummylal,yo
kukalong,0hour1__
dj_coolbrezze,dj_coolbrezze
quincyzmah,mcspocky
aidf911,politics_gov
shastarh23,realdonaldtrump
shastarh23,anncoulter
shastarh23,waynedupreeshow
cynthiamomof3,hillaryclinton
cynthiamomof3,realdonaldtrump
cynthiamomof3,clintonkaine_
stlserenity,0hour1__
melora72,randyrainbow
stephanieojedaa,savionwright
lronandl,mcspocky
frakkedinmi,i_am_scifi
frakkedinmi,jennyjohnsonhi5
yesbiscuit,thedailybeast
genrlprinciple,0hour1__
jeanette4trump,humans_vs_trump
jeanette4trump,realdonaldtrump
conservadeb,0hour1__
conservadeb,realdonaldtrump
conservadeb,0hour1__
conservadeb,politics_gov
michaelsweet75,lindseykelk
mariaoley4,0hour1__
vegasbob1975,ronnypascale
vegasbob1975,ronnypascale
sunnysideup707,waynedupreeshow
emperorphil,0hour1__
jamiepalks83,realdonaldtrump
jamiepalks83,anncoulter
jamiepalks83,waynedupreeshow
roborangutang,nariko_ott
spinerau,realdonaldtrump
spinerau,reince
spinerau,politics_gov
just_iii,keithboykin
v_vindemiatrix,middleageriot
cferrer777,0hour1__
shadylady1031,hillaryforoh
shadylady1031,mcspocky
glendaahrens,realdonaldtrump
glendaahrens,reince
deverraislpe,dailymail
deverraislpe,cynthialummis
deverraislpe,repstevepearce
deverraislpe,cnn
deverraislpe,hillaryclinton
deverraislpe,deverraislpe
allen_eman321,hillaryclinton
allen_eman321,realdonaldtrump
allen_eman321,clintonkaine_
sandram02169645,hillaryclinton
sandram02169645,wesearchr
bcmoneymaker,thedailybeast
veneco7171,hillaryclinton
veneco7171,realdonaldtrump
veneco7171,clintonkaine_
caddie92,realdonaldtrump
caddie92,reince
sam0274,0hour1__
thereal_baln,realdonaldtrump
thereal_baln,anncoulter
thereal_baln,waynedupreeshow
kiteflyer914,mcspocky
cannlbus_kitty,waynedupreeshow
kimmieann93,politics_gov
jesusandharley,realdonaldtrump
jesusandharley,anncoulter
jesusandharley,waynedupreeshow
truthtam,politics_gov
negeenah,ejlandwehr
sharksurvivor1,realdonaldtrump
sharksurvivor1,anncoulter
sharksurvivor1,waynedupreeshow
sarahmoon916,sarahmoon916
greatgalishere,0hour1__
pokiewizard,realdonaldtrump
pokiewizard,anncoulter
pokiewizard,waynedupreeshow
glitterveins4,waynedupreeshow
tomanst,realdonaldtrump
tomanst,anncoulter
tomanst,waynedupreeshow
bigmamatea,0hour1__
jackiec1989,thedailybeast
sonslight4us,ronnypascale
jsp8flyer,libertynews1776
mochroi1965,janetjackson
mochroi1965,hillaryclinton
mochroi1965,wisewmn4clinton
mani260381,realdonaldtrump
mani260381,cnn
fupan26,mani260381
fupan26,realdonaldtrump
fupan26,cnn
fupan26,realdonaldtrump
danteb4u,cletisstump
missaddielew,mcspocky
edintampa,0hour1__
niedermanvienc,ericschiffer
bionicjen77,thedailybeast
jaynepenelope,waynedupreeshow
mccomb_karen,janetjackson
mccomb_karen,hillaryclinton
mccomb_karen,wisewmn4clinton
mccomb_karen,randyrainbow
_kaylakristina_,unlv
_kaylakristina_,mgmresortsintl
keemwestdlno,waynedupreeshow
cherylduitsman,hillaryclinton
cherylduitsman,realdonaldtrump
cappsccapps,hillaryclinton
cappsccapps,reince
cappsccapps,realdonaldtrump
cappsccapps,reince
gray_brett,realdonaldtrump
gray_brett,anncoulter
gray_brett,waynedupreeshow
caselvis58,waynedupreeshow
caselvis58,constancequeen8
michel_nasr98,vegas
michel_nasr98,lasairport
michel_nasr98,prestontvnews
michel_nasr98,hillaryclinton
michel_nasr98,realdonaldtrump
jaycarmona,thedailybeast
jamiechance05,0hour1__
ihearttrump1,0hour1__
theobomanu,thedailybeast
shegotgame,thedailybeast
sumeyraofflcial,waynedupreeshow
khanczerntrahl,jamesokeefeiii
khanczerntrahl,hillaryclinton
khanczerntrahl,wesearchr
khanczerntrahl,realdonaldtrump
khanczerntrahl,wesearchr
khanczerntrahl,hillaryclinton
khanczerntrahl,wesearchr
40lauriejo,realdonaldtrump
40lauriejo,reince
nnwehby_ahmad,constancequeen8
ginap4462,realdonaldtrump
ginap4462,anncoulter
ginap4462,waynedupreeshow
charlesdjoker,realpresdonald
cd3isme,0hour1__
trumpswamp,0hour1__
trumpswamp,hillaryclinton
glitzandglamma,0hour1__
626robyn,0hour1__
626robyn,0hour1__
weekndlasvegas_,unlv
weekndlasvegas_,mgmresortsintl
petey_brown,realdonaldtrump
petey_brown,anncoulter
petey_brown,waynedupreeshow
petey_brown,waynedupreeshow
gretta4trump,libertynews1776
badowshanned,politics_gov
honesgirl,govgaryjohnson
jamescraddick,0hour1__
kittycoyne,waynedupreeshow
tbar0t19,ericschiffer
firedup99,0hour1__
gyhazeleyes,0hour1__
cardsonthebat,gop
socalimilitia1,0hour1__
geonna42,scottwalker
geonna42,hillaryclinton
geonna42,reince
geonna42,hillaryclinton
adam_tebbs,hillaryclinton
adam_tebbs,realdonaldtrump
adam_tebbs,clintonkaine_
adam_tebbs,0hour1__
jaberard,thedailybeast
bigtimewwefan95,johncena
allenadkins2,seanspicer
allenadkins2,realdonaldtrump
allenadkins2,politics_gov
rpmmasaya,hillaryclinton
rpmmasaya,reince
rpmmasaya,realdonaldtrump
rpmmasaya,reince
marion1776rocks,icivics
cuzdaisy,dierdrelewis
brasilmagic,brasilmagic
tjs_29,realdonaldtrump
tjs_29,anncoulter
tjs_29,waynedupreeshow
pointnopoint77,ryanfield
peacelovespink,caseymarc
stacyf1966,vote
stacyf1966,politics_gov
stacyf1966,realdonaldtrump
stacyf1966,hillaryclinton
djtrump118,0hour1__
djtrump118,0hour1__
djtrump118,realdonaldtrump
djtrump118,0hour1__
djtrump118,0hour1__
warrantygirl004,wdfx2eu7
biuebowss_,waynedupreeshow
cutthroat19841,randyrainbow
magnifier661,taydark_77
arealprincesa,itgalnwn
arealprincesa,hillaryclinton
arealprincesa,hillaryclinton
arealprincesa,realdonaldtrump
arealprincesa,voice_your_vote
det2l,det2l
det2l,det2l
fadedscarss456,tracyfortshow
athenahollow,nariko_ott
bonsai_me,bonsai_me
raghuveesayyam,darthputinkgb
devendratiwary2,darthputinkgb
devendratiwary2,raghuveesayyam
merlotgrey,varneyco
merlotgrey,realdonaldtrump
dangermmm,dangermmm
dman0853,realdonaldtrump
dman0853,reince
_seanjmaes,ericschiffer
satirist_indian,hillaryclinton
satirist_indian,realdonaldtrump
satirist_indian,clintonkaine_
bunnyhugger75,lindseykelk
saad_tawfeeq,saad_tawfeeq
cathygailr,realdonaldtrump
cathygailr,anncoulter
cathygailr,waynedupreeshow
heskipto,0hour1__
brianscalifgirl,0hour1__
karaokemomo1,taydark_77
lameopotato,jojoh888
jpwrites1,thedailybeast
iamverysilky,iamverysilky
iamverysilky,iamverysilky
excaspat,0hour1__
_icrux_,hillaryclinton
_icrux_,realdonaldtrump
_icrux_,clintonkaine_
nigonkouk,0hour1__
smebulok,hillaryclinton
smebulok,realdonaldtrump
smebulok,clintonkaine_
devans00,cspan
devans00,unlv
chiencbienchien,chiencbienchien
chiencbienchien,bennydiego
chiencbienchien,chiencbienchien
chiencbienchien,chiencbienchien
j_hagood,0hour1__
j_hagood,constancequeen8
lovemissxtotheo,aegallagher
nequience,keithboykin
teresamwagner,realdonaldtrump
teresamwagner,anncoulter
teresamwagner,waynedupreeshow
mrjimdrjimmy,mrjimdrjimmy
mindfulspirit3,mcspocky
jissjanardhanan,samuelljackson
jissjanardhanan,qtarantino_news
gayrainey1,0hour1__
patawanpundit,realdonaldtrump
patawanpundit,anncoulter
patawanpundit,waynedupreeshow
mgmresortsintl,unlv
stacivegas,unlv
stacivegas,mgmresortsintl
hitlikeagirl9,waynedupreeshow
livingoneasyst,politics_gov
2rnspgilux,freedom2marry
hardcorehashtag,hillaryclinton
hardcorehashtag,realdonaldtrump
hardcorehashtag,clintonkaine_
wwpearson,hillaryclinton
wwpearson,realdonaldtrump
wwpearson,clintonkaine_
mitt_fit,politics_gov
sezaisahmay,mcspocky
roblafark,ericschiffer
gcaramiro,gcaramiro
gcaramiro,mcspocky
gcaramiro,bennydiego
thedailyfishfry,realdonaldtrump
thedailyfishfry,0hour1__
thedailyfishfry,realdonaldtrump
thedailyfishfry,reince
winchester0704,johncena
proudmomusa,dailypollske
proudmomusa,waynedupreeshow
silvanacorsetti,libertynews1776
amygreggthatsme,hillaryclinton
amygreggthatsme,realdonaldtrump
amygreggthatsme,voice_your_vote
amygreggthatsme,wesearchr
amygreggthatsme,hillaryclinton
amygreggthatsme,realdonaldtrump
amygreggthatsme,clintonkaine_
munchkin220,0hour1__
pattss54,mcspocky
chickennoodle42,0hour1__
chickennoodle42,0hour1__
shadswee,realdonaldtrump
shadswee,anncoulter
shadswee,waynedupreeshow
xxcvce,aegallagher
kc0222,hillaryclinton
kc0222,realdonaldtrump
kc0222,clintonkaine_
bocachica70,thedailybeast
bocachica70,mcspocky
truckerbobs,bocavista2016
paulettepennyp2,realdonaldtrump
paulettepennyp2,reince
oziso_,_daisyridley_
alberta_neuleib,realdonaldtrump
alberta_neuleib,anncoulter
alberta_neuleib,waynedupreeshow
cspanbus,nadiiia_b
cspanbus,robinelizabeth6
cspanbus,savannahrae24
kurtbauersf,aegallagher
rdelriodaher,thedailybeast
elizcab,mcspocky
xlmin,realdonaldtrump
xlmin,teamtrump
morgan_michael,thedailybeast
jdiviv,teamt
jdiviv,hillaryclinton
jdiviv,realdonaldtrump
jdiviv,joshgremillion
billpatton720,taydark_77
j_whose,realdonaldtrump
j_whose,0hour1__
collano75,0hour1__
pablopicapiedr7,waynedupreeshow
krlsandchips,waynedupreeshow
nascarladyl48,burdentruth
nascarladyl48,stevethomma
black_golf_boy6,waynedupreeshow
deplorablelori,politics_gov
deplorablelori,constancequeen8
ande_coach,0hour1__
mcdili0430,ginalove3232
mcdili0430,realdonaldtrump
mcdili0430,megynkelly
ronnypascale,ronnypascale
ronnypascale,ronnypascale
chillivata,ronnypascale
carmenliebkeman,realdonaldtrump
carmenliebkeman,0hour1__
carrieksada,libertynews1776
duprinder,0hour1__
duprinder,realdonaldtrump
duprinder,0hour1__
codyhenson92,realdonaldtrump
codyhenson92,reince
the_mother_,janetjackson
the_mother_,wisewmn4clinton
the_mother_,hillaryclinton
sammyjr07,realdonaldtrump
sammyjr07,0hour1__
jchjch62,constancequeen8
5ilthy1,realdonaldtrump
5ilthy1,anncoulter
5ilthy1,waynedupreeshow
icuevrywhere,0hour1__
angelofdeath946,hillaryclinton
angelofdeath946,realdonaldtrump
angelofdeath946,voice_your_vote
coffeeplease242,hillaryclinton
coffeeplease242,reince
juliet777777,realdonaldtrump
juliet777777,0hour1__
juliet777777,0hour1__
easiastudies,cna_org
easiastudies,daveckang
easiastudies,9dashline
januaveritas,realdonaldtrump
januaveritas,reince
claudiacopquin,claudiacopquin
tamaratennille,claudiacopquin
thingsrobmade,thingsrobmade
chazcb,thingsrobmade
chazcb,rthur013
kenzibit,pedsgeekmd
bobby_0081,nubianawakening
klsmith68,realjmannarino
morroe_s,waynedupreeshow
morroe_s,hillaryclinton
mctstjames,taydark_77
politishox,realdonaldtrump
politishox,teamtrump
10is3,hillaryclinton
10is3,realdonaldtrump
10is3,clintonkaine_
trevinotakes10,trevinotakes10
cliffjumper68,realdonaldtrump
cliffjumper68,teamtrump
nenltweets,waynedupreeshow
jcarte10,realdonaltrump
jaxonfam5,realdonaldtrump
jaxonfam5,anncoulter
jaxonfam5,waynedupreeshow
sassyrugger,jgfong
rthur013,rthur013
ferchsindinero,rthur013
dulcinea6272,mcspocky
stglsh1,mcspocky
omajean,bocavista2016
omajean,nubianawakening
nandoo627o,ericschiffer
roddee,cletisstump
susie_longbrake,realdonaldtrump
susie_longbrake,anncoulter
susie_longbrake,waynedupreeshow
arikopel,realdonaldtrump
arikopel,reince
arikopel,hillaryclinton
arikopel,reince
4orangecrush,realdonaldtrump
4orangecrush,anncoulter
4orangecrush,waynedupreeshow
4orangecrush,waynedupreeshow
heroicfreedom,waynedupreeshow
heroicfreedom,waynedupreeshow
susandp3,0hour1__
briancates6,realdonaldtrump
briancates6,teamtrump
lonewolf2cubs,vanjones68
lonewolf2cubs,hillaryclinton
lonewolf2cubs,realdonaldtrump
lonewolf2cubs,realdonaldtrump
lonewolf2cubs,hillaryclinton
lonewolf2cubs,cnn
schemlngbass,waynedupreeshow
giana45799v,taydark_77
sandy_noonan,mcspocky
chimneyfish1,bennydiego
confused_mrl,trumpshair
darlenesmith02,bennydiego
getcovreed,ericschiffer
cjwblack,dailycaller
trumpalltheway4,0hour1__
svomaal,hillaryforoh
karenlynnn,thedailybeast
debfunaro,0hour1__
shipman96,0hour1__
ncpatriotmike,realpresdonald
welch_brandon85,waynedupreeshow
cp2austin,cp2austin
biloxichoctaw,cp2austin
melendezlena1,constancequeen8
wakeuppeoplesos,libertynews1776
ggccmom,waynedupreeshow
lordozz,politics_gov
lordozz,politics_gov
lordozz,realdonaldtrump
lordozz,teamtrump
ambitdiva,jeffreyjonsmith
0809mmy,nubianawakening
electedmob,politicususa
electedmob,politicussarah
electedmob,thomasbernpaine
electedmob,cnn
electedmob,electedmob
electedmob,electedmob
electedmob,electedmob
puddinpiehomie,mcspocky
tbs40,0hour1__
tbs40,0hour1__
tbs40,0hour1__
tbs40,realdonaldtrump
tbs40,0hour1__
401_9163,teamtrump
401_9163,waynedupreeshow
rlr46350,politics_gov
rlr46350,teamt
rlr46350,hillaryclinton
rlr46350,realdonaldtrump
rlr46350,joshgremillion
rlr46350,wesearchr
shuttervita,shuttervita
teamtrumpid,politics_gov
teamtrumpid,0hour1__
teamarlanaxx,waynedupreeshow
whosgonegalt,0hour1__
hexezwork,0hour1__
senoreissa,thedailybeast
pup4thedon,waynedupreeshow
theymightbegian,waynedupreeshow
khalveygibson,taydark_77
lisa22545183,0hour1__
lisa22545183,realdonaldtrump
lisa22545183,0hour1__
reignsfreedom,0hour1__
rebeccadowns7,hillaryclinton
rebeccadowns7,realdonaldtrump
rebeccadowns7,clintonkaine_
susieginias1,dailycaller
fergusondiane08,taydark_77
ckcgrandmac,realdonaldtrump
ckcgrandmac,anncoulter
ckcgrandmac,waynedupreeshow
ckcgrandmac,constancequeen8
citchenmama,ericschiffer
jamessaporito,teamt
jamessaporito,hillaryclinton
jamessaporito,realdonaldtrump
jamessaporito,joshgremillion
crossroadthread,waynedupreeshow
rocklandbee,ossiningdv
rocklandbee,rocklandctynews
rocklandbee,rocklanddems
simonvaut,cnn
simonvaut,hillaryclinton
03be8ac6d79c4a8,wesearchr
donnaledford8,constancequeen8
myvoice2016,hillaryclinton
myvoice2016,realdonaldtrump
myvoice2016,voice_your_vote
bmgfrn,bennydiego
worldpeacefor2,0hour1__
redsonic17,waynedupreeshow
cvl450,hillaryclinton
cvl450,realdonaldtrump
cvl450,clintonkaine_
cvl450,politics_gov
cvl450,teamt
cvl450,hillaryclinton
cvl450,realdonaldtrump
cvl450,joshgremillion
confused_mrl,confused_mrl
confused_mrl,confused_mrl
pender_rob,confused_mrl
npaikai,hillaryclinton
npaikai,realdonaldtrump
npaikai,clintonkaine_
tweeterlauren,0hour1__
gcross92,waynedupreeshow
jnivus,naniof_two
jnivus,naniof_two
jnivus,sicario_0717
jnivus,halsteadg048
jnivus,realdonaldtrump
jnivus,teamtrump
jnivus,waynedupreeshow
allieraffa,foxnews
a2much4u,realdonaldtrump
a2much4u,reince
mcgrlff__,waynedupreeshow
mbbrownsf,mcspocky
exposelies777,teamt
exposelies777,joshgremillion
exposelies777,hillaryclinton
exposelies777,realdonaldtrump
steffsiebrand,megynkelly
steffsiebrand,donnabrazile
steffsiebrand,amschultz71
steffsiebrand,waynedupreeshow
steffsiebrand,realdonaldtrump
steffsiebrand,reince
rhuvane,sharkushka
joel40rnjoel,0hour1__
lookup4love,0hour1__
elizabethusa13,hillaryclinton
elizabethusa13,realdonaldtrump
elizabethusa13,clintonkaine_
obrienmb_ny,bennydiego
dj_stedman,0hour1__
biloximeemaw,cnnwriter69
biloximeemaw,hillaryclinton
biloximeemaw,realdonaldtrump
biloximeemaw,clintonkaine_
biloximeemaw,realdonaldtrump
biloximeemaw,reince
bobz4trump,realdonaldtrump
bobz4trump,reince
sssweetsleep,0hour1__
spraguedurens,hillaryclinton
spraguedurens,realdonaldtrump
spraguedurens,clintonkaine_
lainezoo,waynedupreeshow
catfishgirl73,realdonaldtrump
catfishgirl73,anncoulter
catfishgirl73,waynedupreeshow
security1994,realdonaldtrump
security1994,teamtrump
enger1776,waynedupreeshow
enger1776,0hour1__
clarissamehler,waynedupreeshow
beverlyb11,thedailybeast
pattiparallax,caseymarc
pattiparallax,waynedupreeshow
jamestoupin,mrgaryhuang
jeffc1959,realdonaldtrump
jeffc1959,anncoulter
jeffc1959,waynedupreeshow
rbee119,realdonaldtrump
rbee119,teamtrump
jeremydbradley,jeremydbradley
jeremydbradley,jeremydbradley
zengirl55,mcspocky
zengirl55,bennydiego
violinistja,realdonaldtrump
violinistja,realdonaldtrump
violinistja,violinistja
violinistja,realdonaldtrump
vhhcjhv,0hour1__
scout1881,lisa_balthaser
__weeddhe4d,waynedupreeshow
gettoknowdonald,ejlandwehr
carolineinthect,realdonaldtrump
carolineinthect,anncoulter
carolineinthect,waynedupreeshow
constancequeen8,constancequeen8
libertynews1776,constancequeen8
reslesleggs,constancequeen8
patriotvnvet,waynedupreeshow
bdyou,bdyou
wandycole0531,mcspocky
ylu1220,hillaryclinton
ylu1220,reince
ylu1220,realdonaldtrump
ylu1220,reince
pantsuitslie,wesearchr
osi_model13,0hour1__
joej2020usa,0hour1__
joej2020usa,0hour1__
libertynews1776,clintonkaine_
danodelion,clintonkaine_
danodelion,hillaryclinton
danodelion,realdonaldtrump
licet_gaston,libertynews1776
licet_gaston,taydark_77
dunnoabout,realdonaldtrump
dunnoabout,0hour1__
dunnoabout,0hour1__
rumfolo,hillaryclinton
rumfolo,realdonaldtrump
rumfolo,voice_your_vote
rumfolo,wesearchr
gofordavid_,jennyjohnsonhi5
vegasgop,vegasgop
konamali1,realdonaldtrump
konamali1,reince
libertynews1776,wesearchr
rachaelmontague,wesearchr
davidgr93211853,politics_gov
sucklngcash,tracyfortshow
pahstock,thedailybeast
sgarcia81,hillaryclinton
29virgo391,sgarcia81
29virgo391,hillaryclinton
thedailybeast,thedailybeast
dorisdtt2,thedailybeast
dorisdtt2,melaniatrump
38_28_38,38_28_38
38_28_38,38_28_38
38_28_38,38_28_38
dorisdtt2,38_28_38
dorisdtt2,realdonaldtrump
attyj,0hour1__
wheelsnana,realdonaldtrump
wheelsnana,anncoulter
wheelsnana,waynedupreeshow
bizlifephl,reince
bizlifephl,hillaryclinton
bizlifephl,waynedupreeshow
libertynews1776,hillaryclinton
libertynews1776,realdonaldtrump
patrickohenrytx,libertynews1776
mrjohnqzombie,mrjohnqzombie
mattcarson2,mrjohnqzombie
mauricefontai19,realdonaldtrump
mauricefontai19,0hour1__
mauricefontai19,0hour1__
jon55021593,teamtrump
jon55021593,realdonaldtrump
beccacox_75,waynedupreeshow
steelbackbone,0hour1__
jrzladyvjs,waynedupreeshow
vivavocer,vivavocer
punuckish,nariko_ott
angmags319,trumplasvegas
angmags319,unitehere
anondigetalwar,realpresdonald
purestar777,immigrant4trump
lmaginehowell_,waynedupreeshow
18ean13,waynedupreeshow
taydark_77,taydark_77
rufride4u,taydark_77
waynedupreeshow,anncoulter
rufride4u,anncoulter
rufride4u,realdonaldtrump
rufride4u,waynedupreeshow
charcitajune,mcspocky
patriciapriest9,frenchfortrump
edskipper,hillaryforoh
edskipper,hillaryforoh
edskipper,mcspocky
lizmartins16,0hour1__
royalflushiwin,mcspocky
ksdamato,ksdamato
monique601,ksdamato
0hour1__,0hour1__
andi_b33,0hour1__
waynedupreeshow,realdonaldtrump
linda_2008,waynedupreeshow
die__trying_,retroactivelisa
dierdrelewis,dierdrelewis
dierdrelewis,dierdrelewis
dierdrelewis,dierdrelewis
dierdrelewis,dierdrelewis
die__trying_,dierdrelewis
die__trying_,hillaryclinton
bbelunkin,ericschiffer
grammashan,hillaryclinton
grammashan,realdonaldtrump
grammashan,voice_your_vote
bennydiego,bennydiego
brianpiero,bennydiego
mcspocky,mcspocky
courtoflawbleed,mcspocky
